date,station,max_temperature
2010-01-01,82138,32.3
2010-01-02,82138,28.5
2010-01-03,82138,27.6
2010-01-04,82138,32.1
2010-01-05,82138,35.0
2010-01-06,82138,34.0
2010-01-07,82138,33.6
2010-01-08,82138,35.9
2010-01-09,82138,40.8
2010-01-10,82138,42.7
2010-01-11,82138,42.6
2010-01-12,82138,43.4
2010-01-13,82138,22.3
2010-01-14,82138,32.2
2010-01-15,82138,35.3
2010-01-16,82138,36.8
2010-01-17,82138,25.1
2010-01-18,82138,22.4
2010-01-19,82138,25.2
2010-01-20,82138,33.5
2010-01-21,82138,37.8
2010-01-22,82138,42.0
2010-01-23,82138,32.8
2010-01-24,82138,33.7
2010-01-25,82138,35.5
2010-01-26,82138,35.6
2010-01-27,82138,35.7
2010-01-28,82138,34.7
2010-01-29,82138,35.5
2010-01-30,82138,37.1
2010-01-31,82138,36.5
2010-02-01,82138,37.8
2010-02-02,82138,34.8
2010-02-03,82138,36.2
2010-02-04,82138,28.6
2010-02-05,82138,27.9
2010-02-06,82138,31.2
2010-02-07,82138,34.1
2010-02-08,82138,34.5
2010-02-09,82138,36.1
2010-02-10,82138,36.2
2010-02-11,82138,35.6
2010-02-12,82138,30.8
2010-02-13,82138,30.3
2010-02-14,82138,30.9
2010-02-15,82138,26.2
2010-02-16,82138,30.2
2010-02-17,82138,31.2
2010-02-18,82138,31.5
2010-02-19,82138,29.9
2010-02-20,82138,33.2
2010-02-21,82138,36.7
2010-02-22,82138,26.7
2010-02-23,82138,25.9
2010-02-24,82138,28.0
2010-02-25,82138,30.7
2010-02-26,82138,30.3
2010-02-27,82138,25.0
2010-02-28,82138,26.7
2010-03-01,82138,26.1
2010-03-02,82138,28.7
2010-03-03,82138,30.9
2010-03-04,82138,28.7
2010-03-05,82138,22.6
2010-03-06,82138,30.0
2010-03-07,82138,25.2
2010-03-08,82138,23.7
2010-03-09,82138,22.0
2010-03-10,82138,21.1
2010-03-11,82138,24.6
2010-03-12,82138,25.9
2010-03-13,82138,25.5
2010-03-14,82138,26.3
2010-03-15,82138,26.8
2010-03-16,82138,29.1
2010-03-17,82138,29.7
2010-03-18,82138,30.4
2010-03-19,82138,29.7
2010-03-20,82138,31.2
2010-03-21,82138,25.3
2010-03-22,82138,25.3
2010-03-23,82138,26.3
2010-03-24,82138,28.0
2010-03-25,82138,28.8
2010-03-26,82138,29.3
2010-03-27,82138,29.5
2010-03-28,82138,29.7
2010-03-29,82138,25.2
2010-03-30,82138,25.4
2010-03-31,82138,25.4
2010-04-01,82138,25.1
2010-04-02,82138,25.0
2010-04-03,82138,24.8
2010-04-04,82138,24.5
2010-04-05,82138,25.0
2010-04-06,82138,23.7
2010-04-07,82138,22.4
2010-04-08,82138,22.5
2010-04-09,82138,20.6
2010-04-10,82138,18.5
2010-04-11,82138,18.2
2010-04-12,82138,18.2
2010-04-13,82138,20.6
2010-04-14,82138,21.1
2010-04-15,82138,22.8
2010-04-16,82138,24.8
2010-04-17,82138,26.1
2010-04-18,82138,25.6
2010-04-19,82138,26.7
2010-04-20,82138,24.4
2010-04-21,82138,26.0
2010-04-22,82138,27.2
2010-04-23,82138,27.8
2010-04-24,82138,19.3
2010-04-25,82138,18.8
2010-04-26,82138,17.6
2010-04-27,82138,17.6
2010-04-28,82138,17.3
2010-04-29,82138,18.4
2010-04-30,82138,19.4
2010-05-01,82138,20.2
2010-05-02,82138,21.1
2010-05-03,82138,22.2
2010-05-04,82138,25.0
2010-05-05,82138,15.6
2010-05-06,82138,14.5
2010-05-07,82138,17.2
2010-05-08,82138,20.0
2010-05-09,82138,20.3
2010-05-10,82138,20.1
2010-05-11,82138,15.4
2010-05-12,82138,15.2
2010-05-13,82138,17.2
2010-05-14,82138,18.5
2010-05-15,82138,17.9
2010-05-16,82138,18.8
2010-05-17,82138,17.6
2010-05-18,82138,19.4
2010-05-19,82138,18.1
2010-05-20,82138,17.7
2010-05-21,82138,17.9
2010-05-22,82138,17.0
2010-05-23,82138,17.4
2010-05-24,82138,16.6
2010-05-25,82138,14.3
2010-05-26,82138,19.9
2010-05-27,82138,15.7
2010-05-28,82138,16.2
2010-05-29,82138,14.2
2010-05-30,82138,18.9
2010-05-31,82138,19.6
2010-06-01,82138,16.4
2010-06-02,82138,18.3
2010-06-03,82138,18.4
2010-06-04,82138,17.6
2010-06-05,82138,14.3
2010-06-06,82138,15.8
2010-06-07,82138,13.9
2010-06-08,82138,11.9
2010-06-09,82138,10.2
2010-06-10,82138,12.4
2010-06-11,82138,13.7
2010-06-12,82138,12.9
2010-06-13,82138,12.8
2010-06-14,82138,13.5
2010-06-15,82138,12.3
2010-06-16,82138,14.2
2010-06-17,82138,14.8
2010-06-18,82138,11.7
2010-06-19,82138,15.3
2010-06-20,82138,13.3
2010-06-21,82138,11.8
2010-06-22,82138,15.7
2010-06-23,82138,16.5
2010-06-24,82138,16.5
2010-06-25,82138,14.3
2010-06-26,82138,12.4
2010-06-27,82138,12.3
2010-06-28,82138,7.3
2010-06-29,82138,10.2
2010-06-30,82138,9.0
2010-07-01,82138,10.5
2010-07-02,82138,12.5
2010-07-03,82138,13.4
2010-07-04,82138,9.2
2010-07-05,82138,12.1
2010-07-06,82138,13.4
2010-07-07,82138,13.5
2010-07-08,82138,14.3
2010-07-09,82138,15.8
2010-07-10,82138,14.2
2010-07-11,82138,14.8
2010-07-12,82138,14.9
2010-07-13,82138,15.1
2010-07-14,82138,10.0
2010-07-15,82138,12.2
2010-07-16,82138,12.3
2010-07-17,82138,10.2
2010-07-18,82138,11.9
2010-07-19,82138,13.0
2010-07-20,82138,12.1
2010-07-21,82138,14.0
2010-07-22,82138,14.0
2010-07-23,82138,15.3
2010-07-24,82138,11.4
2010-07-25,82138,14.2
2010-07-26,82138,14.2
2010-07-27,82138,15.1
2010-07-28,82138,13.6
2010-07-29,82138,14.3
2010-07-30,82138,13.9
2010-07-31,82138,13.8
2010-08-01,82138,10.1
2010-08-02,82138,14.5
2010-08-03,82138,15.2
2010-08-04,82138,10.2
2010-08-05,82138,12.0
2010-08-06,82138,13.2
2010-08-07,82138,12.8
2010-08-08,82138,12.6
2010-08-09,82138,15.2
2010-08-10,82138,11.3
2010-08-11,82138,10.8
2010-08-12,82138,14.2
2010-08-13,82138,15.0
2010-08-14,82138,14.1
2010-08-15,82138,11.8
2010-08-16,82138,12.3
2010-08-17,82138,11.9
2010-08-18,82138,11.3
2010-08-19,82138,14.9
2010-08-20,82138,11.8
2010-08-21,82138,12.3
2010-08-22,82138,14.2
2010-08-23,82138,12.5
2010-08-24,82138,12.0
2010-08-25,82138,10.1
2010-08-26,82138,12.1
2010-08-27,82138,12.8
2010-08-28,82138,14.4
2010-08-29,82138,15.0
2010-08-30,82138,15.3
2010-08-31,82138,12.8
2010-09-01,82138,13.5
2010-09-02,82138,16.6
2010-09-03,82138,17.1
2010-09-04,82138,17.0
2010-09-05,82138,14.6
2010-09-06,82138,13.3
2010-09-07,82138,15.2
2010-09-08,82138,15.8
2010-09-09,82138,14.9
2010-09-10,82138,13.9
2010-09-11,82138,16.1
2010-09-12,82138,15.1
2010-09-13,82138,18.5
2010-09-14,82138,19.1
2010-09-15,82138,14.3
2010-09-16,82138,14.0
2010-09-17,82138,14.0
2010-09-18,82138,14.8
2010-09-19,82138,17.0
2010-09-20,82138,19.2
2010-09-21,82138,20.9
2010-09-22,82138,18.9
2010-09-23,82138,18.5
2010-09-24,82138,18.1
2010-09-25,82138,20.3
2010-09-26,82138,19.8
2010-09-27,82138,18.7
2010-09-28,82138,15.1
2010-09-29,82138,14.4
2010-09-30,82138,14.8
2010-10-01,82138,17.5
2010-10-02,82138,21.9
2010-10-03,82138,23.4
2010-10-04,82138,23.1
2010-10-05,82138,25.1
2010-10-06,82138,23.9
2010-10-07,82138,15.7
2010-10-08,82138,18.0
2010-10-09,82138,20.6
2010-10-10,82138,23.3
2010-10-11,82138,24.2
2010-10-12,82138,19.6
2010-10-13,82138,17.6
2010-10-14,82138,18.4
2010-10-15,82138,15.4
2010-10-16,82138,13.2
2010-10-17,82138,15.5
2010-10-18,82138,17.1
2010-10-19,82138,17.7
2010-10-20,82138,21.9
2010-10-21,82138,24.6
2010-10-22,82138,26.0
2010-10-23,82138,20.6
2010-10-24,82138,21.4
2010-10-25,82138,22.5
2010-10-26,82138,24.1
2010-10-27,82138,21.8
2010-10-28,82138,23.7
2010-10-29,82138,26.4
2010-10-30,82138,19.8
2010-10-31,82138,17.0
2010-11-01,82138,18.3
2010-11-02,82138,20.0
2010-11-03,82138,17.9
2010-11-04,82138,18.9
2010-11-05,82138,21.5
2010-11-06,82138,22.4
2010-11-07,82138,25.5
2010-11-08,82138,25.3
2010-11-09,82138,27.6
2010-11-10,82138,30.0
2010-11-11,82138,30.5
2010-11-12,82138,32.3
2010-11-13,82138,27.8
2010-11-14,82138,24.6
2010-11-15,82138,22.7
2010-11-16,82138,20.8
2010-11-17,82138,23.0
2010-11-18,82138,24.2
2010-11-19,82138,26.0
2010-11-20,82138,27.5
2010-11-21,82138,30.1
2010-11-22,82138,30.7
2010-11-23,82138,29.9
2010-11-24,82138,30.2
2010-11-25,82138,25.2
2010-11-26,82138,23.6
2010-11-27,82138,29.1
2010-11-28,82138,22.2
2010-11-29,82138,23.9
2010-11-30,82138,22.522680979906365
2010-12-01,82138,22.5
2010-12-02,82138,25.4
2010-12-03,82138,29.2
2010-12-04,82138,29.7
2010-12-05,82138,31.8
2010-12-06,82138,30.8
2010-12-07,82138,29.1
2010-12-08,82138,28.5
2010-12-09,82138,26.1
2010-12-10,82138,21.3
2010-12-11,82138,23.2
2010-12-12,82138,21.3
2010-12-13,82138,25.3
2010-12-14,82138,28.4
2010-12-15,82138,29.8
2010-12-16,82138,24.9
2010-12-17,82138,25.0
2010-12-18,82138,21.3
2010-12-19,82138,17.2
2010-12-20,82138,20.2
2010-12-21,82138,21.0
2010-12-22,82138,26.4
2010-12-23,82138,28.2
2010-12-24,82138,30.8
2010-12-25,82138,29.7
2010-12-26,82138,29.4
2010-12-27,82138,20.9
2010-12-28,82138,25.9
2010-12-29,82138,30.8
2010-12-30,82138,33.8
2010-12-31,82138,38.7
2011-01-01,82138,35.7
2011-01-02,82138,30.2
2011-01-03,82138,28.5
2011-01-04,82138,29.8
2011-01-05,82138,29.5
2011-01-06,82138,31.5
2011-01-07,82138,31.3
2011-01-08,82138,32.9
2011-01-09,82138,33.4
2011-01-10,82138,31.8
2011-01-11,82138,27.7
2011-01-12,82138,26.3
2011-01-13,82138,30.6
2011-01-14,82138,23.5
2011-01-15,82138,31.0
2011-01-16,82138,33.7
2011-01-17,82138,25.5
2011-01-18,82138,27.1
2011-01-19,82138,28.5
2011-01-20,82138,31.9
2011-01-21,82138,33.2
2011-01-22,82138,35.1
2011-01-23,82138,32.6
2011-01-24,82138,28.2
2011-01-25,82138,31.3
2011-01-26,82138,33.9
2011-01-27,82138,31.4
2011-01-28,82138,31.7
2011-01-29,82138,32.2
2011-01-30,82138,36.4
2011-01-31,82138,40.5
2011-02-01,82138,39.9
2011-02-02,82138,32.6
2011-02-03,82138,35.4
2011-02-04,82138,27.0
2011-02-05,82138,23.1
2011-02-06,82138,20.7
2011-02-07,82138,25.4
2011-02-08,82138,27.5
2011-02-09,82138,29.1
2011-02-10,82138,30.9
2011-02-11,82138,26.6
2011-02-12,82138,26.5
2011-02-13,82138,27.2
2011-02-14,82138,29.5
2011-02-15,82138,28.4
2011-02-16,82138,24.0
2011-02-17,82138,29.1
2011-02-18,82138,30.5
2011-02-19,82138,27.7
2011-02-20,82138,26.0
2011-02-21,82138,20.6
2011-02-22,82138,25.3
2011-02-23,82138,27.9
2011-02-24,82138,29.7
2011-02-25,82138,30.3
2011-02-26,82138,31.8
2011-02-27,82138,26.0
2011-02-28,82138,29.7
2011-03-01,82138,22.2
2011-03-02,82138,22.8
2011-03-03,82138,22.6
2011-03-04,82138,21.7
2011-03-05,82138,26.0
2011-03-06,82138,25.7
2011-03-07,82138,27.3
2011-03-08,82138,29.7
2011-03-09,82138,27.5
2011-03-10,82138,22.9
2011-03-11,82138,28.2
2011-03-12,82138,29.2
2011-03-13,82138,30.4
2011-03-14,82138,27.4
2011-03-15,82138,27.3
2011-03-16,82138,26.8
2011-03-17,82138,25.4
2011-03-18,82138,26.5
2011-03-19,82138,28.3
2011-03-20,82138,28.5
2011-03-21,82138,26.9
2011-03-22,82138,28.3
2011-03-23,82138,19.3
2011-03-24,82138,22.4
2011-03-25,82138,21.9
2011-03-26,82138,23.7
2011-03-27,82138,24.1
2011-03-28,82138,24.7
2011-03-29,82138,26.2
2011-03-30,82138,27.2
2011-03-31,82138,22.2
2011-04-01,82138,23.9
2011-04-02,82138,21.3
2011-04-03,82138,21.9
2011-04-04,82138,23.0
2011-04-05,82138,24.0
2011-04-06,82138,24.4
2011-04-07,82138,25.1
2011-04-08,82138,24.5
2011-04-09,82138,27.4
2011-04-10,82138,17.1
2011-04-11,82138,13.5
2011-04-12,82138,14.9
2011-04-13,82138,15.6
2011-04-14,82138,17.6
2011-04-15,82138,21.6
2011-04-16,82138,21.4
2011-04-17,82138,20.8
2011-04-18,82138,21.3
2011-04-19,82138,19.5
2011-04-20,82138,18.9
2011-04-21,82138,19.2
2011-04-22,82138,17.7
2011-04-23,82138,18.3
2011-04-24,82138,20.0
2011-04-25,82138,22.2
2011-04-26,82138,24.3
2011-04-27,82138,22.2
2011-04-28,82138,22.5
2011-04-29,82138,21.9
2011-04-30,82138,22.1
2011-05-01,82138,18.8
2011-05-02,82138,20.7
2011-05-03,82138,21.6
2011-05-04,82138,18.3
2011-05-05,82138,18.0
2011-05-06,82138,16.9
2011-05-07,82138,15.6
2011-05-08,82138,16.8
2011-05-09,82138,16.4
2011-05-10,82138,15.3
2011-05-11,82138,12.0
2011-05-12,82138,9.4
2011-05-13,82138,15.1
2011-05-14,82138,13.4
2011-05-15,82138,13.6
2011-05-16,82138,11.7
2011-05-17,82138,15.3
2011-05-18,82138,17.3
2011-05-19,82138,16.7
2011-05-20,82138,19.0
2011-05-21,82138,19.9
2011-05-22,82138,21.8
2011-05-23,82138,15.9
2011-05-24,82138,15.3
2011-05-25,82138,14.9
2011-05-26,82138,13.9
2011-05-27,82138,14.7
2011-05-28,82138,10.5
2011-05-29,82138,15.7
2011-05-30,82138,17.1
2011-05-31,82138,19.8
2011-06-01,82138,20.0
2011-06-02,82138,18.7
2011-06-03,82138,15.8
2011-06-04,82138,15.2
2011-06-05,82138,12.8
2011-06-06,82138,11.7
2011-06-07,82138,10.0
2011-06-08,82138,9.7
2011-06-09,82138,14.4
2011-06-10,82138,14.5
2011-06-11,82138,14.2
2011-06-12,82138,16.2
2011-06-13,82138,15.8
2011-06-14,82138,17.1
2011-06-15,82138,17.5
2011-06-16,82138,15.7
2011-06-17,82138,13.4
2011-06-18,82138,14.8
2011-06-19,82138,12.7
2011-06-20,82138,15.7
2011-06-21,82138,11.3
2011-06-22,82138,11.5
2011-06-23,82138,13.4
2011-06-24,82138,13.2
2011-06-25,82138,12.9
2011-06-26,82138,14.5
2011-06-27,82138,16.0
2011-06-28,82138,16.3
2011-06-29,82138,18.1
2011-06-30,82138,16.4
2011-07-01,82138,15.0
2011-07-02,82138,15.4
2011-07-03,82138,13.8
2011-07-04,82138,13.9
2011-07-05,82138,12.2
2011-07-06,82138,11.3
2011-07-07,82138,11.1
2011-07-08,82138,8.4
2011-07-09,82138,10.0
2011-07-10,82138,11.6
2011-07-11,82138,11.9
2011-07-12,82138,10.7
2011-07-13,82138,11.4
2011-07-14,82138,14.0
2011-07-15,82138,12.3
2011-07-16,82138,15.5
2011-07-17,82138,11.3
2011-07-18,82138,10.9
2011-07-19,82138,15.4
2011-07-20,82138,17.4
2011-07-21,82138,16.9
2011-07-22,82138,16.4
2011-07-23,82138,14.8
2011-07-24,82138,9.2
2011-07-25,82138,11.3
2011-07-26,82138,13.1
2011-07-27,82138,13.6
2011-07-28,82138,13.8
2011-07-29,82138,15.9
2011-07-30,82138,16.6
2011-07-31,82138,16.0
2011-08-01,82138,17.9
2011-08-02,82138,20.1
2011-08-03,82138,21.1
2011-08-04,82138,22.5
2011-08-05,82138,21.2
2011-08-06,82138,14.3
2011-08-07,82138,11.3
2011-08-08,82138,13.1
2011-08-09,82138,9.9
2011-08-10,82138,10.5
2011-08-11,82138,17.3
2011-08-12,82138,16.2
2011-08-13,82138,13.6
2011-08-14,82138,17.2
2011-08-15,82138,13.4
2011-08-16,82138,18.8
2011-08-17,82138,12.8
2011-08-18,82138,10.9
2011-08-19,82138,18.8
2011-08-20,82138,17.4
2011-08-21,82138,17.8
2011-08-22,82138,16.7
2011-08-23,82138,17.2
2011-08-24,82138,16.8
2011-08-25,82138,21.2
2011-08-26,82138,16.4
2011-08-27,82138,15.9
2011-08-28,82138,15.9
2011-08-29,82138,16.3
2011-08-30,82138,15.3
2011-08-31,82138,16.3
2011-09-01,82138,19.1
2011-09-02,82138,19.7
2011-09-03,82138,19.3
2011-09-04,82138,18.8
2011-09-05,82138,21.2
2011-09-06,82138,18.7
2011-09-07,82138,14.6
2011-09-08,82138,15.9
2011-09-09,82138,13.8
2011-09-10,82138,14.9
2011-09-11,82138,15.6
2011-09-12,82138,14.8
2011-09-13,82138,16.8
2011-09-14,82138,20.3
2011-09-15,82138,16.8
2011-09-16,82138,20.3
2011-09-17,82138,22.4
2011-09-18,82138,23.3
2011-09-19,82138,26.8
2011-09-20,82138,14.2
2011-09-21,82138,17.6
2011-09-22,82138,22.8
2011-09-23,82138,17.2
2011-09-24,82138,18.2
2011-09-25,82138,19.9
2011-09-26,82138,19.4
2011-09-27,82138,20.7
2011-09-28,82138,19.5
2011-09-29,82138,12.8
2011-09-30,82138,15.9
2011-10-01,82138,14.8
2011-10-02,82138,18.2
2011-10-03,82138,18.4
2011-10-04,82138,20.2
2011-10-05,82138,18.4
2011-10-06,82138,17.6
2011-10-07,82138,21.9
2011-10-08,82138,21.6
2011-10-09,82138,17.7
2011-10-10,82138,13.3
2011-10-11,82138,16.5
2011-10-12,82138,19.6
2011-10-13,82138,22.3
2011-10-14,82138,24.7
2011-10-15,82138,24.5
2011-10-16,82138,18.1
2011-10-17,82138,20.1
2011-10-18,82138,23.5
2011-10-19,82138,26.9
2011-10-20,82138,28.8
2011-10-21,82138,21.8
2011-10-22,82138,24.3
2011-10-23,82138,30.8
2011-10-24,82138,24.7
2011-10-25,82138,22.0
2011-10-26,82138,24.0
2011-10-27,82138,23.7
2011-10-28,82138,26.5
2011-10-29,82138,24.7
2011-10-30,82138,19.6
2011-10-31,82138,22.4
2011-11-01,82138,24.1
2011-11-02,82138,19.8
2011-11-03,82138,21.1
2011-11-04,82138,26.7
2011-11-05,82138,30.4
2011-11-06,82138,32.9
2011-11-07,82138,30.3
2011-11-08,82138,29.1
2011-11-09,82138,29.0
2011-11-10,82138,23.0
2011-11-11,82138,25.5
2011-11-12,82138,27.1
2011-11-13,82138,29.3
2011-11-14,82138,27.6
2011-11-15,82138,30.0
2011-11-16,82138,21.4
2011-11-17,82138,27.9
2011-11-18,82138,33.0
2011-11-19,82138,26.5
2011-11-20,82138,23.7
2011-11-21,82138,24.3
2011-11-22,82138,23.2
2011-11-23,82138,24.0
2011-11-24,82138,26.8
2011-11-25,82138,19.5
2011-11-26,82138,24.2
2011-11-27,82138,26.0
2011-11-28,82138,31.0
2011-11-29,82138,36.0
2011-11-30,82138,22.3
2011-12-01,82138,21.2
2011-12-02,82138,24.5
2011-12-03,82138,27.4
2011-12-04,82138,23.4
2011-12-05,82138,24.0
2011-12-06,82138,25.5
2011-12-07,82138,27.6
2011-12-08,82138,30.1
2011-12-09,82138,29.5
2011-12-10,82138,26.3
2011-12-11,82138,27.4
2011-12-12,82138,26.6
2011-12-13,82138,23.8
2011-12-14,82138,25.9
2011-12-15,82138,28.2
2011-12-16,82138,30.1
2011-12-17,82138,31.6
2011-12-18,82138,25.6
2011-12-19,82138,28.7
2011-12-20,82138,29.6
2011-12-21,82138,29.5
2011-12-22,82138,31.4
2011-12-23,82138,32.3
2011-12-24,82138,34.4
2011-12-25,82138,24.1
2011-12-26,82138,29.2
2011-12-27,82138,28.2
2011-12-28,82138,30.3
2011-12-29,82138,31.3
2011-12-30,82138,30.6
2011-12-31,82138,33.1
2012-01-01,82138,36.2
2012-01-02,82138,37.8
2012-01-03,82138,39.6
2012-01-04,82138,31.2
2012-01-05,82138,30.2
2012-01-06,82138,30.2
2012-01-07,82138,33.0
2012-01-08,82138,26.9
2012-01-09,82138,24.4
2012-01-10,82138,25.1
2012-01-11,82138,19.0
2012-01-12,82138,24.7
2012-01-13,82138,27.0
2012-01-14,82138,29.7
2012-01-15,82138,30.7
2012-01-16,82138,32.3
2012-01-17,82138,33.4
2012-01-18,82138,30.7
2012-01-19,82138,36.0
2012-01-20,82138,36.1
2012-01-21,82138,35.3
2012-01-22,82138,33.4
2012-01-23,82138,32.7
2012-01-24,82138,33.6
2012-01-25,82138,35.5
2012-01-26,82138,35.7
2012-01-27,82138,35.4
2012-01-28,82138,35.0
2012-01-29,82138,35.8
2012-01-30,82138,27.3
2012-01-31,82138,24.4
2012-02-01,82138,28.0
2012-02-02,82138,29.1
2012-02-03,82138,30.5
2012-02-04,82138,31.7
2012-02-05,82138,32.7
2012-02-06,82138,24.7
2012-02-07,82138,27.6
2012-02-08,82138,28.0
2012-02-09,82138,27.3
2012-02-10,82138,29.2
2012-02-11,82138,29.2
2012-02-12,82138,27.8
2012-02-13,82138,30.4
2012-02-14,82138,32.1
2012-02-15,82138,33.1
2012-02-16,82138,29.3
2012-02-17,82138,32.5
2012-02-18,82138,32.0
2012-02-19,82138,27.9
2012-02-20,82138,21.3
2012-02-21,82138,28.7
2012-02-22,82138,30.1
2012-02-23,82138,32.7
2012-02-24,82138,34.7
2012-02-25,82138,35.7
2012-02-26,82138,26.1
2012-02-27,82138,27.4
2012-02-28,82138,25.9
2012-02-29,82138,24.5
2012-03-01,82138,19.6
2012-03-02,82138,25.4
2012-03-03,82138,19.4
2012-03-04,82138,25.3
2012-03-05,82138,24.1
2012-03-06,82138,25.0
2012-03-07,82138,22.4
2012-03-08,82138,25.6
2012-03-09,82138,27.1
2012-03-10,82138,25.2
2012-03-11,82138,24.5
2012-03-12,82138,26.8
2012-03-13,82138,29.5
2012-03-14,82138,29.7
2012-03-15,82138,31.2
2012-03-16,82138,19.9
2012-03-17,82138,23.7
2012-03-18,82138,25.3
2012-03-19,82138,26.0
2012-03-20,82138,27.3
2012-03-21,82138,25.4
2012-03-22,82138,22.0
2012-03-23,82138,18.8
2012-03-24,82138,19.6
2012-03-25,82138,20.5
2012-03-26,82138,22.3
2012-03-27,82138,22.2
2012-03-28,82138,24.4
2012-03-29,82138,26.0
2012-03-30,82138,27.1
2012-03-31,82138,27.8
2012-04-01,82138,25.8
2012-04-02,82138,25.0
2012-04-03,82138,29.5
2012-04-04,82138,28.2
2012-04-05,82138,28.4
2012-04-06,82138,29.0
2012-04-07,82138,19.8
2012-04-08,82138,18.7
2012-04-09,82138,19.2
2012-04-10,82138,17.3
2012-04-11,82138,19.3
2012-04-12,82138,22.2
2012-04-13,82138,23.2
2012-04-14,82138,21.8
2012-04-15,82138,25.8
2012-04-16,82138,26.5
2012-04-17,82138,25.6
2012-04-18,82138,26.6
2012-04-19,82138,23.2
2012-04-20,82138,25.0
2012-04-21,82138,26.0
2012-04-22,82138,23.5
2012-04-23,82138,21.6
2012-04-24,82138,12.3
2012-04-25,82138,16.8
2012-04-26,82138,18.3
2012-04-27,82138,20.4
2012-04-28,82138,20.0
2012-04-29,82138,18.6
2012-04-30,82138,19.0
2012-05-01,82138,21.4
2012-05-02,82138,15.7
2012-05-03,82138,14.6
2012-05-04,82138,14.5
2012-05-05,82138,16.3
2012-05-06,82138,15.9
2012-05-07,82138,14.6
2012-05-08,82138,20.2
2012-05-09,82138,17.4
2012-05-10,82138,21.1
2012-05-11,82138,17.8
2012-05-12,82138,14.4
2012-05-13,82138,14.6
2012-05-14,82138,17.1
2012-05-15,82138,17.7
2012-05-16,82138,17.2
2012-05-17,82138,17.2
2012-05-18,82138,16.9
2012-05-19,82138,17.8
2012-05-20,82138,15.9
2012-05-21,82138,14.9
2012-05-22,82138,16.2
2012-05-23,82138,20.2
2012-05-24,82138,15.3
2012-05-25,82138,9.1
2012-05-26,82138,14.1
2012-05-27,82138,15.3
2012-05-28,82138,16.4
2012-05-29,82138,16.5
2012-05-30,82138,17.7
2012-05-31,82138,16.9
2012-06-01,82138,16.5
2012-06-02,82138,13.8
2012-06-03,82138,14.8
2012-06-04,82138,13.6
2012-06-05,82138,15.2
2012-06-06,82138,15.5
2012-06-07,82138,13.6
2012-06-08,82138,14.2
2012-06-09,82138,13.8
2012-06-10,82138,15.2
2012-06-11,82138,15.3
2012-06-12,82138,17.3
2012-06-13,82138,16.2
2012-06-14,82138,16.7
2012-06-15,82138,14.8
2012-06-16,82138,12.5
2012-06-17,82138,13.1
2012-06-18,82138,13.1
2012-06-19,82138,12.9
2012-06-20,82138,11.7
2012-06-21,82138,11.1
2012-06-22,82138,9.4
2012-06-23,82138,11.4
2012-06-24,82138,12.5
2012-06-25,82138,13.6
2012-06-26,82138,12.8
2012-06-27,82138,14.2
2012-06-28,82138,13.7
2012-06-29,82138,15.7
2012-06-30,82138,10.7
2012-07-01,82138,8.1
2012-07-02,82138,13.2
2012-07-03,82138,13.2
2012-07-04,82138,13.5
2012-07-05,82138,12.6
2012-07-06,82138,13.3
2012-07-07,82138,13.5
2012-07-08,82138,13.9
2012-07-09,82138,16.9
2012-07-10,82138,11.9
2012-07-11,82138,14.8
2012-07-12,82138,12.2
2012-07-13,82138,14.7
2012-07-14,82138,13.9
2012-07-15,82138,10.9
2012-07-16,82138,12.0
2012-07-17,82138,15.1
2012-07-18,82138,12.7
2012-07-19,82138,12.1
2012-07-20,82138,13.4
2012-07-21,82138,15.7
2012-07-22,82138,15.8
2012-07-23,82138,15.8
2012-07-24,82138,14.1
2012-07-25,82138,14.4
2012-07-26,82138,13.5
2012-07-27,82138,13.2
2012-07-28,82138,13.3
2012-07-29,82138,12.9
2012-07-30,82138,14.3
2012-07-31,82138,12.4
2012-08-01,82138,13.6
2012-08-02,82138,11.4
2012-08-03,82138,13.6
2012-08-04,82138,15.2
2012-08-05,82138,15.6
2012-08-06,82138,11.3
2012-08-07,82138,12.6
2012-08-08,82138,15.4
2012-08-09,82138,10.9
2012-08-10,82138,15.6
2012-08-11,82138,16.2
2012-08-12,82138,16.9
2012-08-13,82138,15.2
2012-08-14,82138,14.7
2012-08-15,82138,12.3
2012-08-16,82138,13.1
2012-08-17,82138,9.6
2012-08-18,82138,14.2
2012-08-19,82138,12.9
2012-08-20,82138,12.1
2012-08-21,82138,16.3
2012-08-22,82138,19.0
2012-08-23,82138,13.1
2012-08-24,82138,11.9
2012-08-25,82138,11.0
2012-08-26,82138,14.2
2012-08-27,82138,14.0
2012-08-28,82138,15.3
2012-08-29,82138,17.6
2012-08-30,82138,12.6
2012-08-31,82138,13.2
2012-09-01,82138,15.3
2012-09-02,82138,16.1
2012-09-03,82138,19.3
2012-09-04,82138,20.9
2012-09-05,82138,21.0
2012-09-06,82138,16.8
2012-09-07,82138,14.3
2012-09-08,82138,16.1
2012-09-09,82138,16.7
2012-09-10,82138,18.6
2012-09-11,82138,19.8
2012-09-12,82138,20.8
2012-09-13,82138,14.9
2012-09-14,82138,13.3
2012-09-15,82138,17.6
2012-09-16,82138,15.9
2012-09-17,82138,17.7
2012-09-18,82138,17.4
2012-09-19,82138,18.3
2012-09-20,82138,21.5
2012-09-21,82138,19.0
2012-09-22,82138,20.6
2012-09-23,82138,19.4
2012-09-24,82138,14.9
2012-09-25,82138,17.5
2012-09-26,82138,21.3
2012-09-27,82138,25.6
2012-09-28,82138,25.7
2012-09-29,82138,13.6
2012-09-30,82138,14.7
2012-10-01,82138,17.7
2012-10-02,82138,21.4
2012-10-03,82138,25.7
2012-10-04,82138,28.4
2012-10-05,82138,22.4
2012-10-06,82138,11.7
2012-10-07,82138,16.3
2012-10-08,82138,16.6
2012-10-09,82138,18.1
2012-10-10,82138,16.4
2012-10-11,82138,13.6
2012-10-12,82138,17.6
2012-10-13,82138,18.3
2012-10-14,82138,21.7
2012-10-15,82138,26.2
2012-10-16,82138,17.8
2012-10-17,82138,18.4
2012-10-18,82138,22.1
2012-10-19,82138,27.4
2012-10-20,82138,24.1
2012-10-21,82138,19.8
2012-10-22,82138,19.5
2012-10-23,82138,20.8
2012-10-24,82138,23.4
2012-10-25,82138,23.6
2012-10-26,82138,17.9
2012-10-27,82138,19.7
2012-10-28,82138,24.0
2012-10-29,82138,27.6
2012-10-30,82138,30.2
2012-10-31,82138,31.9
2012-11-01,82138,20.5
2012-11-02,82138,22.0
2012-11-03,82138,24.7
2012-11-04,82138,28.7
2012-11-05,82138,28.5
2012-11-06,82138,29.7
2012-11-07,82138,20.6
2012-11-08,82138,26.5
2012-11-09,82138,21.0
2012-11-10,82138,23.2
2012-11-11,82138,25.2
2012-11-12,82138,32.5
2012-11-13,82138,24.6
2012-11-14,82138,25.1
2012-11-15,82138,24.8
2012-11-16,82138,23.2
2012-11-17,82138,24.6
2012-11-18,82138,21.5
2012-11-19,82138,25.9
2012-11-20,82138,27.9
2012-11-21,82138,31.5
2012-11-22,82138,28.1
2012-11-23,82138,30.0
2012-11-24,82138,33.5
2012-11-25,82138,36.4
2012-11-26,82138,32.2
2012-11-27,82138,27.7
2012-11-28,82138,33.4
2012-11-29,82138,38.5
2012-11-30,82138,35.2
2012-12-01,82138,31.6
2012-12-02,82138,25.9
2012-12-03,82138,25.4
2012-12-04,82138,20.3
2012-12-05,82138,21.4
2012-12-06,82138,26.6
2012-12-07,82138,26.8
2012-12-08,82138,35.9
2012-12-09,82138,27.6
2012-12-10,82138,30.1
2012-12-11,82138,31.0
2012-12-12,82138,32.5
2012-12-13,82138,35.6
2012-12-14,82138,30.2
2012-12-15,82138,27.1
2012-12-16,82138,23.3
2012-12-17,82138,25.9
2012-12-18,82138,29.0
2012-12-19,82138,36.0
2012-12-20,82138,26.2
2012-12-21,82138,30.0
2012-12-22,82138,33.1
2012-12-23,82138,39.0
2012-12-24,82138,34.8
2012-12-25,82138,29.5
2012-12-26,82138,29.2
2012-12-27,82138,30.4
2012-12-28,82138,27.8
2012-12-29,82138,28.9
2012-12-30,82138,31.5
2012-12-31,82138,33.5
2013-01-01,82138,34.2
2013-01-02,82138,31.9
2013-01-03,82138,37.0
2013-01-04,82138,40.3
2013-01-05,82138,44.6
2013-01-06,82138,42.0
2013-01-07,82138,40.9
2013-01-08,82138,38.4
2013-01-09,82138,23.8
2013-01-10,82138,31.8
2013-01-11,82138,38.6
2013-01-12,82138,26.9
2013-01-13,82138,18.7
2013-01-14,82138,28.0
2013-01-15,82138,30.8
2013-01-16,82138,35.8
2013-01-17,82138,40.1
2013-01-18,82138,41.3
2013-01-19,82138,32.6
2013-01-20,82138,34.7
2013-01-21,82138,37.4
2013-01-22,82138,34.5
2013-01-23,82138,33.1
2013-01-24,82138,36.0
2013-01-25,82138,35.6
2013-01-26,82138,34.3
2013-01-27,82138,32.5
2013-01-28,82138,34.8
2013-01-29,82138,29.3
2013-01-30,82138,29.8
2013-01-31,82138,33.1
2013-02-01,82138,25.2
2013-02-02,82138,27.8
2013-02-03,82138,30.1
2013-02-04,82138,32.4
2013-02-05,82138,32.6
2013-02-06,82138,36.0
2013-02-07,82138,40.1
2013-02-08,82138,38.1
2013-02-09,82138,34.6
2013-02-10,82138,33.2
2013-02-11,82138,32.7
2013-02-12,82138,34.4
2013-02-13,82138,33.3
2013-02-14,82138,33.7
2013-02-15,82138,33.8
2013-02-16,82138,33.8
2013-02-17,82138,33.4
2013-02-18,82138,32.9
2013-02-19,82138,34.2
2013-02-20,82138,36.5
2013-02-21,82138,30.7
2013-02-22,82138,33.0
2013-02-23,82138,33.1
2013-02-24,82138,34.6
2013-02-25,82138,36.8
2013-02-26,82138,32.4
2013-02-27,82138,27.3
2013-02-28,82138,23.6
2013-03-01,82138,26.5
2013-03-02,82138,29.1
2013-03-03,82138,31.8
2013-03-04,82138,31.9
2013-03-05,82138,32.3
2013-03-06,82138,31.7
2013-03-07,82138,34.9
2013-03-08,82138,35.7
2013-03-09,82138,32.6
2013-03-10,82138,35.1
2013-03-11,82138,35.5
2013-03-12,82138,33.7
2013-03-13,82138,33.2
2013-03-14,82138,29.8
2013-03-15,82138,31.1
2013-03-16,82138,24.0
2013-03-17,82138,22.6
2013-03-18,82138,24.8
2013-03-19,82138,26.4
2013-03-20,82138,29.3
2013-03-21,82138,19.6
2013-03-22,82138,21.7
2013-03-23,82138,23.4
2013-03-24,82138,27.4
2013-03-25,82138,26.5
2013-03-26,82138,30.9
2013-03-27,82138,35.3
2013-03-28,82138,18.5
2013-03-29,82138,19.7
2013-03-30,82138,20.9
2013-03-31,82138,23.2
2013-04-01,82138,22.1
2013-04-02,82138,22.9
2013-04-03,82138,22.1
2013-04-04,82138,24.4
2013-04-05,82138,25.3
2013-04-06,82138,25.6
2013-04-07,82138,26.9
2013-04-08,82138,25.8
2013-04-09,82138,26.3
2013-04-10,82138,26.4
2013-04-11,82138,27.6
2013-04-12,82138,27.6
2013-04-13,82138,26.7
2013-04-14,82138,26.6
2013-04-15,82138,23.2
2013-04-16,82138,22.6
2013-04-17,82138,22.1
2013-04-18,82138,22.1
2013-04-19,82138,17.5
2013-04-20,82138,20.0
2013-04-21,82138,20.7
2013-04-22,82138,13.6
2013-04-23,82138,19.3
2013-04-24,82138,17.7
2013-04-25,82138,20.0
2013-04-26,82138,21.8
2013-04-27,82138,22.6
2013-04-28,82138,23.3
2013-04-29,82138,16.0
2013-04-30,82138,19.5
2013-05-01,82138,17.4
2013-05-02,82138,17.5
2013-05-03,82138,19.5
2013-05-04,82138,17.1
2013-05-05,82138,17.1
2013-05-06,82138,19.0
2013-05-07,82138,13.4
2013-05-08,82138,21.6
2013-05-09,82138,23.2
2013-05-10,82138,24.0
2013-05-11,82138,23.4
2013-05-12,82138,23.3
2013-05-13,82138,14.9
2013-05-14,82138,10.2
2013-05-15,82138,12.7
2013-05-16,82138,14.1
2013-05-17,82138,15.4
2013-05-18,82138,13.4
2013-05-19,82138,15.5
2013-05-20,82138,14.3
2013-05-21,82138,14.8
2013-05-22,82138,11.5
2013-05-23,82138,17.6
2013-05-24,82138,16.4
2013-05-25,82138,16.4
2013-05-26,82138,16.9
2013-05-27,82138,16.7
2013-05-28,82138,18.3
2013-05-29,82138,18.8
2013-05-30,82138,14.1
2013-05-31,82138,17.6
2013-06-01,82138,15.2
2013-06-02,82138,16.5
2013-06-03,82138,14.7
2013-06-04,82138,14.0
2013-06-05,82138,12.1
2013-06-06,82138,15.4
2013-06-07,82138,16.0
2013-06-08,82138,13.6
2013-06-09,82138,13.8
2013-06-10,82138,14.0
2013-06-11,82138,16.2
2013-06-12,82138,12.8
2013-06-13,82138,12.8
2013-06-14,82138,14.3
2013-06-15,82138,14.6
2013-06-16,82138,14.5
2013-06-17,82138,14.9
2013-06-18,82138,14.5
2013-06-19,82138,14.6
2013-06-20,82138,14.0
2013-06-21,82138,13.9
2013-06-22,82138,14.6
2013-06-23,82138,14.7
2013-06-24,82138,13.0
2013-06-25,82138,16.9
2013-06-26,82138,16.4
2013-06-27,82138,16.9
2013-06-28,82138,18.6
2013-06-29,82138,17.5
2013-06-30,82138,15.5
2013-07-01,82138,12.9
2013-07-02,82138,16.3
2013-07-03,82138,15.1
2013-07-04,82138,15.4
2013-07-05,82138,12.4
2013-07-06,82138,12.3
2013-07-07,82138,10.6
2013-07-08,82138,13.1
2013-07-09,82138,13.1
2013-07-10,82138,15.0
2013-07-11,82138,14.3
2013-07-12,82138,15.8
2013-07-13,82138,16.0
2013-07-14,82138,14.1
2013-07-15,82138,14.3
2013-07-16,82138,15.7
2013-07-17,82138,17.1
2013-07-18,82138,20.0
2013-07-19,82138,15.3
2013-07-20,82138,9.2
2013-07-21,82138,8.8
2013-07-22,82138,12.0
2013-07-23,82138,12.7
2013-07-24,82138,15.0
2013-07-25,82138,10.8
2013-07-26,82138,12.2
2013-07-27,82138,13.5
2013-07-28,82138,15.6
2013-07-29,82138,17.0
2013-07-30,82138,14.2
2013-07-31,82138,14.2
2013-08-01,82138,14.1
2013-08-02,82138,14.9
2013-08-03,82138,10.5
2013-08-04,82138,12.8
2013-08-05,82138,12.7
2013-08-06,82138,15.2
2013-08-07,82138,10.4
2013-08-08,82138,14.2
2013-08-09,82138,9.4
2013-08-10,82138,15.6
2013-08-11,82138,14.5
2013-08-12,82138,14.3
2013-08-13,82138,13.9
2013-08-14,82138,16.8
2013-08-15,82138,14.1
2013-08-16,82138,15.7
2013-08-17,82138,13.6
2013-08-18,82138,17.6
2013-08-19,82138,10.9
2013-08-20,82138,10.8
2013-08-21,82138,10.5
2013-08-22,82138,13.1
2013-08-23,82138,14.1
2013-08-24,82138,15.1
2013-08-25,82138,15.4
2013-08-26,82138,16.8
2013-08-27,82138,18.2
2013-08-28,82138,20.7
2013-08-29,82138,20.8
2013-08-30,82138,18.0
2013-08-31,82138,20.5
2013-09-01,82138,21.0
2013-09-02,82138,24.0
2013-09-03,82138,23.5
2013-09-04,82138,22.9
2013-09-05,82138,21.7
2013-09-06,82138,20.1
2013-09-07,82138,18.6
2013-09-08,82138,18.3
2013-09-09,82138,22.3
2013-09-10,82138,17.2
2013-09-11,82138,15.6
2013-09-12,82138,15.0
2013-09-13,82138,13.8
2013-09-14,82138,18.9
2013-09-15,82138,20.0
2013-09-16,82138,13.3
2013-09-17,82138,19.3
2013-09-18,82138,18.1
2013-09-19,82138,14.0
2013-09-20,82138,16.0
2013-09-21,82138,17.6
2013-09-22,82138,20.2
2013-09-23,82138,23.3
2013-09-24,82138,22.1
2013-09-25,82138,23.8
2013-09-26,82138,15.7
2013-09-27,82138,18.3
2013-09-28,82138,17.0
2013-09-29,82138,20.5
2013-09-30,82138,26.3
2013-10-01,82138,16.8
2013-10-02,82138,19.4
2013-10-03,82138,15.3
2013-10-04,82138,18.8
2013-10-05,82138,22.3
2013-10-06,82138,22.0
2013-10-07,82138,19.7
2013-10-08,82138,20.6
2013-10-09,82138,25.3
2013-10-10,82138,25.4
2013-10-11,82138,18.6
2013-10-12,82138,24.2
2013-10-13,82138,21.9
2013-10-14,82138,14.8
2013-10-15,82138,19.7
2013-10-16,82138,26.0
2013-10-17,82138,16.9
2013-10-18,82138,19.4
2013-10-19,82138,24.9
2013-10-20,82138,31.0
2013-10-21,82138,26.2
2013-10-22,82138,24.4
2013-10-23,82138,18.7
2013-10-24,82138,15.6
2013-10-25,82138,16.9
2013-10-26,82138,18.7
2013-10-27,82138,21.2
2013-10-28,82138,23.2
2013-10-29,82138,21.8
2013-10-30,82138,23.1
2013-10-31,82138,24.6
2013-11-01,82138,27.0
2013-11-02,82138,27.4
2013-11-03,82138,18.8
2013-11-04,82138,19.8
2013-11-05,82138,24.7
2013-11-06,82138,29.2
2013-11-07,82138,32.2
2013-11-08,82138,27.9
2013-11-09,82138,19.6
2013-11-10,82138,20.4
2013-11-11,82138,16.5
2013-11-12,82138,15.7
2013-11-13,82138,17.1
2013-11-14,82138,21.5
2013-11-15,82138,23.4
2013-11-16,82138,25.6
2013-11-17,82138,26.3
2013-11-18,82138,28.7
2013-11-19,82138,30.2
2013-11-20,82138,33.6
2013-11-21,82138,26.1
2013-11-22,82138,25.9
2013-11-23,82138,22.5
2013-11-24,82138,24.0
2013-11-25,82138,27.1
2013-11-26,82138,28.6
2013-11-27,82138,32.4
2013-11-28,82138,30.6
2013-11-29,82138,23.8
2013-11-30,82138,27.5
2013-12-01,82138,30.7
2013-12-02,82138,34.3
2013-12-03,82138,35.7
2013-12-04,82138,20.2
2013-12-05,82138,17.1
2013-12-06,82138,19.8
2013-12-07,82138,25.8
2013-12-08,82138,31.3
2013-12-09,82138,28.2
2013-12-10,82138,22.1
2013-12-11,82138,24.6
2013-12-12,82138,27.1
2013-12-13,82138,29.8
2013-12-14,82138,29.0
2013-12-15,82138,30.3
2013-12-16,82138,32.4
2013-12-17,82138,34.4
2013-12-18,82138,37.6
2013-12-19,82138,41.7
2013-12-20,82138,41.2
2013-12-21,82138,40.1
2013-12-22,82138,35.2
2013-12-23,82138,23.6
2013-12-24,82138,28.9
2013-12-25,82138,29.7
2013-12-26,82138,30.6
2013-12-27,82138,31.5
2013-12-28,82138,37.3
2013-12-29,82138,28.9
2013-12-30,82138,30.5
2013-12-31,82138,31.0
2014-01-01,82138,26.6
2014-01-02,82138,26.9
2014-01-03,82138,31.1
2014-01-04,82138,25.2
2014-01-05,82138,29.3
2014-01-06,82138,22.9
2014-01-07,82138,27.7
2014-01-08,82138,29.9
2014-01-09,82138,29.2
2014-01-10,82138,33.0
2014-01-11,82138,36.3
2014-01-12,82138,39.6
2014-01-13,82138,38.7
2014-01-14,82138,40.8
2014-01-15,82138,42.3
2014-01-16,82138,43.4
2014-01-17,82138,43.2
2014-01-18,82138,38.3
2014-01-19,82138,36.6
2014-01-20,82138,33.5
2014-01-21,82138,32.0
2014-01-22,82138,33.9
2014-01-23,82138,34.2
2014-01-24,82138,24.0
2014-01-25,82138,26.2
2014-01-26,82138,29.3
2014-01-27,82138,33.0
2014-01-28,82138,36.9
2014-01-29,82138,39.6
2014-01-30,82138,39.2
2014-01-31,82138,41.5
2014-02-01,82138,41.7
2014-02-02,82138,41.4
2014-02-03,82138,40.2
2014-02-04,82138,32.7
2014-02-05,82138,31.2
2014-02-06,82138,33.3
2014-02-07,82138,36.8
2014-02-08,82138,40.4
2014-02-09,82138,42.2
2014-02-10,82138,35.5
2014-02-11,82138,35.4
2014-02-12,82138,36.5
2014-02-13,82138,30.9
2014-02-14,82138,30.0
2014-02-15,82138,24.6
2014-02-16,82138,28.5
2014-02-17,82138,29.4
2014-02-18,82138,32.1
2014-02-19,82138,28.7
2014-02-20,82138,22.3
2014-02-21,82138,24.7
2014-02-22,82138,29.2
2014-02-23,82138,30.7
2014-02-24,82138,32.7
2014-02-25,82138,34.4
2014-02-26,82138,30.3
2014-02-27,82138,29.7
2014-02-28,82138,29.0
2014-03-01,82138,29.5
2014-03-02,82138,30.0
2014-03-03,82138,31.4
2014-03-04,82138,31.7
2014-03-05,82138,29.9
2014-03-06,82138,31.2
2014-03-07,82138,28.5
2014-03-08,82138,31.2
2014-03-09,82138,31.8
2014-03-10,82138,33.8
2014-03-11,82138,34.1
2014-03-12,82138,28.3
2014-03-13,82138,28.7
2014-03-14,82138,30.9
2014-03-15,82138,31.1
2014-03-16,82138,19.9
2014-03-17,82138,23.5
2014-03-18,82138,26.8
2014-03-19,82138,27.8
2014-03-20,82138,30.7
2014-03-21,82138,29.6
2014-03-22,82138,25.1
2014-03-23,82138,21.0
2014-03-24,82138,21.8
2014-03-25,82138,27.4
2014-03-26,82138,23.0
2014-03-27,82138,24.2
2014-03-28,82138,26.5
2014-03-29,82138,29.1
2014-03-30,82138,21.7
2014-03-31,82138,26.7
2014-04-01,82138,29.0
2014-04-02,82138,26.7
2014-04-03,82138,23.0
2014-04-04,82138,20.0
2014-04-05,82138,23.3
2014-04-06,82138,24.5
2014-04-07,82138,23.8
2014-04-08,82138,24.0
2014-04-09,82138,17.6
2014-04-10,82138,19.0
2014-04-11,82138,24.1
2014-04-12,82138,24.6
2014-04-13,82138,23.6
2014-04-14,82138,20.8
2014-04-15,82138,21.5
2014-04-16,82138,20.9
2014-04-17,82138,22.3
2014-04-18,82138,20.0
2014-04-19,82138,18.5
2014-04-20,82138,15.6
2014-04-21,82138,16.6
2014-04-22,82138,20.2
2014-04-23,82138,21.7
2014-04-24,82138,19.5
2014-04-25,82138,21.1
2014-04-26,82138,22.6
2014-04-27,82138,19.5
2014-04-28,82138,22.0
2014-04-29,82138,21.5
2014-04-30,82138,18.6
2014-05-01,82138,16.2
2014-05-02,82138,13.9
2014-05-03,82138,14.6
2014-05-04,82138,14.3
2014-05-05,82138,15.6
2014-05-06,82138,15.9
2014-05-07,82138,15.9
2014-05-08,82138,17.5
2014-05-09,82138,18.0
2014-05-10,82138,14.3
2014-05-11,82138,16.9
2014-05-12,82138,18.3
2014-05-13,82138,18.6
2014-05-14,82138,19.3
2014-05-15,82138,19.2
2014-05-16,82138,20.9
2014-05-17,82138,19.4
2014-05-18,82138,19.3
2014-05-19,82138,18.7
2014-05-20,82138,19.8
2014-05-21,82138,20.2
2014-05-22,82138,18.8
2014-05-23,82138,16.1
2014-05-24,82138,17.2
2014-05-25,82138,19.9
2014-05-26,82138,20.5
2014-05-27,82138,15.9
2014-05-28,82138,14.5
2014-05-29,82138,17.1
2014-05-30,82138,18.1
2014-05-31,82138,18.8
2014-06-01,82138,13.5
2014-06-02,82138,16.7
2014-06-03,82138,14.1
2014-06-04,82138,16.0
2014-06-05,82138,14.5
2014-06-06,82138,16.1
2014-06-07,82138,16.4
2014-06-08,82138,15.2
2014-06-09,82138,18.8
2014-06-10,82138,15.6
2014-06-11,82138,16.0
2014-06-12,82138,15.6
2014-06-13,82138,13.4
2014-06-14,82138,14.7
2014-06-15,82138,15.5
2014-06-16,82138,11.8
2014-06-17,82138,15.2
2014-06-18,82138,8.2
2014-06-19,82138,11.5
2014-06-20,82138,15.1
2014-06-21,82138,14.3
2014-06-22,82138,14.0
2014-06-23,82138,11.8
2014-06-24,82138,12.9
2014-06-25,82138,13.0
2014-06-26,82138,14.7
2014-06-27,82138,14.0
2014-06-28,82138,12.4
2014-06-29,82138,12.0
2014-06-30,82138,10.3
2014-07-01,82138,12.9
2014-07-02,82138,10.4
2014-07-03,82138,9.4
2014-07-04,82138,12.7
2014-07-05,82138,11.1
2014-07-06,82138,10.5
2014-07-07,82138,9.3
2014-07-08,82138,13.2
2014-07-09,82138,10.8
2014-07-10,82138,10.8
2014-07-11,82138,11.4
2014-07-12,82138,11.3
2014-07-13,82138,12.2
2014-07-14,82138,11.9
2014-07-15,82138,11.4
2014-07-16,82138,13.4
2014-07-17,82138,11.2
2014-07-18,82138,12.0
2014-07-19,82138,15.0
2014-07-20,82138,11.5
2014-07-21,82138,12.5
2014-07-22,82138,13.2
2014-07-23,82138,13.4
2014-07-24,82138,12.9
2014-07-25,82138,16.1
2014-07-26,82138,14.6
2014-07-27,82138,9.2
2014-07-28,82138,14.4
2014-07-29,82138,15.8
2014-07-30,82138,15.0
2014-07-31,82138,19.0
2014-08-01,82138,9.4
2014-08-02,82138,11.9
2014-08-03,82138,13.2
2014-08-04,82138,13.2
2014-08-05,82138,13.4
2014-08-06,82138,10.6
2014-08-07,82138,14.9
2014-08-08,82138,13.6
2014-08-09,82138,15.0
2014-08-10,82138,13.6
2014-08-11,82138,11.8
2014-08-12,82138,13.7
2014-08-13,82138,14.2
2014-08-14,82138,15.8
2014-08-15,82138,17.2
2014-08-16,82138,16.9
2014-08-17,82138,14.6
2014-08-18,82138,17.5
2014-08-19,82138,18.3
2014-08-20,82138,16.5
2014-08-21,82138,17.0
2014-08-22,82138,18.6
2014-08-23,82138,18.6
2014-08-24,82138,17.2
2014-08-25,82138,16.9
2014-08-26,82138,20.6
2014-08-27,82138,21.4
2014-08-28,82138,19.1
2014-08-29,82138,19.8
2014-08-30,82138,19.2
2014-08-31,82138,19.3
2014-09-01,82138,16.9
2014-09-02,82138,14.9
2014-09-03,82138,15.4
2014-09-04,82138,16.0
2014-09-05,82138,18.2
2014-09-06,82138,18.6
2014-09-07,82138,19.4
2014-09-08,82138,20.2
2014-09-09,82138,17.8
2014-09-10,82138,16.9
2014-09-11,82138,17.7
2014-09-12,82138,16.2
2014-09-13,82138,17.5
2014-09-14,82138,19.3
2014-09-15,82138,20.6
2014-09-16,82138,17.3
2014-09-17,82138,15.9
2014-09-18,82138,14.9
2014-09-19,82138,16.7
2014-09-20,82138,18.5
2014-09-21,82138,19.2
2014-09-22,82138,22.2
2014-09-23,82138,23.4
2014-09-24,82138,20.4
2014-09-25,82138,21.5
2014-09-26,82138,18.7
2014-09-27,82138,20.6
2014-09-28,82138,24.1
2014-09-29,82138,22.0
2014-09-30,82138,23.0
2014-10-01,82138,15.5
2014-10-02,82138,17.5
2014-10-03,82138,22.4
2014-10-04,82138,22.8
2014-10-05,82138,26.5
2014-10-06,82138,27.9
2014-10-07,82138,17.9
2014-10-08,82138,18.2
2014-10-09,82138,21.2
2014-10-10,82138,23.6
2014-10-11,82138,28.1
2014-10-12,82138,31.9
2014-10-13,82138,15.9
2014-10-14,82138,18.4
2014-10-15,82138,19.7
2014-10-16,82138,17.9
2014-10-17,82138,20.5
2014-10-18,82138,23.2
2014-10-19,82138,27.4
2014-10-20,82138,26.7
2014-10-21,82138,26.7
2014-10-22,82138,29.0
2014-10-23,82138,32.7
2014-10-24,82138,31.8
2014-10-25,82138,31.8
2014-10-26,82138,28.3
2014-10-27,82138,21.7
2014-10-28,82138,20.2
2014-10-29,82138,23.8
2014-10-30,82138,28.3
2014-10-31,82138,33.0
2014-11-01,82138,20.5
2014-11-02,82138,18.3
2014-11-03,82138,25.0
2014-11-04,82138,28.3
2014-11-05,82138,24.9
2014-11-06,82138,25.5
2014-11-07,82138,31.2
2014-11-08,82138,34.5
2014-11-09,82138,30.1
2014-11-10,82138,27.2
2014-11-11,82138,28.5
2014-11-12,82138,30.6
2014-11-13,82138,33.3
2014-11-14,82138,33.3
2014-11-15,82138,23.1
2014-11-16,82138,19.9
2014-11-17,82138,22.3
2014-11-18,82138,25.6
2014-11-19,82138,29.2
2014-11-20,82138,33.8
2014-11-21,82138,28.6
2014-11-22,82138,22.522680979906365
2014-11-23,82138,22.522680979906365
2014-11-24,82138,22.522680979906365
2014-11-25,82138,22.8
2014-11-26,82138,25.5
2014-11-27,82138,28.6
2014-11-28,82138,30.3
2014-11-29,82138,32.9
2014-11-30,82138,34.9
2014-12-01,82138,32.9
2014-12-02,82138,33.3
2014-12-03,82138,28.5
2014-12-04,82138,31.8
2014-12-05,82138,32.1
2014-12-06,82138,27.3
2014-12-07,82138,25.1
2014-12-08,82138,26.6
2014-12-09,82138,30.4
2014-12-10,82138,30.2
2014-12-11,82138,27.9
2014-12-12,82138,28.2
2014-12-13,82138,29.4
2014-12-14,82138,29.9
2014-12-15,82138,34.2
2014-12-16,82138,34.0
2014-12-17,82138,25.6
2014-12-18,82138,28.1
2014-12-19,82138,22.9
2014-12-20,82138,29.6
2014-12-21,82138,33.6
2014-12-22,82138,35.6
2014-12-23,82138,32.6
2014-12-24,82138,32.2
2014-12-25,82138,31.1
2014-12-26,82138,23.5
2014-12-27,82138,29.2
2014-12-28,82138,31.5
2014-12-29,82138,32.6
2014-12-30,82138,27.5
2014-12-31,82138,30.0
2015-01-01,82138,33.4
2015-01-02,82138,39.0
2015-01-03,82138,38.1
2015-01-04,82138,32.6
2015-01-05,82138,35.3
2015-01-06,82138,35.4
2015-01-07,82138,37.7
2015-01-08,82138,35.5
2015-01-09,82138,25.0
2015-01-10,82138,21.7
2015-01-11,82138,30.0
2015-01-12,82138,33.4
2015-01-13,82138,24.8
2015-01-14,82138,26.4
2015-01-15,82138,26.9
2015-01-16,82138,28.4
2015-01-17,82138,27.3
2015-01-18,82138,26.6
2015-01-19,82138,29.2
2015-01-20,82138,31.3
2015-01-21,82138,31.0
2015-01-22,82138,33.5
2015-01-23,82138,35.8
2015-01-24,82138,31.0
2015-01-25,82138,26.2
2015-01-26,82138,26.2
2015-01-27,82138,29.5
2015-01-28,82138,27.5
2015-01-29,82138,25.7
2015-01-30,82138,24.6
2015-01-31,82138,28.1
2015-02-01,82138,29.3
2015-02-02,82138,30.2
2015-02-03,82138,30.2
2015-02-04,82138,30.1
2015-02-05,82138,32.1
2015-02-06,82138,34.0
2015-02-07,82138,34.9
2015-02-08,82138,38.7
2015-02-09,82138,35.7
2015-02-10,82138,34.8
2015-02-11,82138,35.7
2015-02-12,82138,33.7
2015-02-13,82138,32.5
2015-02-14,82138,26.5
2015-02-15,82138,33.1
2015-02-16,82138,35.9
2015-02-17,82138,34.7
2015-02-18,82138,27.3
2015-02-19,82138,33.5
2015-02-20,82138,34.9
2015-02-21,82138,35.7
2015-02-22,82138,35.6
2015-02-23,82138,34.7
2015-02-24,82138,28.9
2015-02-25,82138,30.0
2015-02-26,82138,30.4
2015-02-27,82138,31.8
2015-02-28,82138,33.3
2015-03-01,82138,27.0
2015-03-02,82138,29.0
2015-03-03,82138,31.8
2015-03-04,82138,29.4
2015-03-05,82138,21.5
2015-03-06,82138,23.2
2015-03-07,82138,24.5
2015-03-08,82138,30.4
2015-03-09,82138,28.9
2015-03-10,82138,22.522680979906365
2015-03-11,82138,31.5
2015-03-12,82138,28.3
2015-03-13,82138,27.9
2015-03-14,82138,30.2
2015-03-15,82138,28.8
2015-03-16,82138,26.6
2015-03-17,82138,26.8
2015-03-18,82138,26.7
2015-03-19,82138,33.7
2015-03-20,82138,24.4
2015-03-21,82138,27.0
2015-03-22,82138,29.4
2015-03-23,82138,30.3
2015-03-24,82138,22.9
2015-03-25,82138,24.2
2015-03-26,82138,20.0
2015-03-27,82138,20.2
2015-03-28,82138,23.0
2015-03-29,82138,26.3
2015-03-30,82138,28.4
2015-03-31,82138,29.3
2015-04-01,82138,29.1
2015-04-02,82138,22.9
2015-04-03,82138,25.2
2015-04-04,82138,23.8
2015-04-05,82138,26.0
2015-04-06,82138,19.7
2015-04-07,82138,18.5
2015-04-08,82138,21.3
2015-04-09,82138,22.5
2015-04-10,82138,23.4
2015-04-11,82138,24.5
2015-04-12,82138,26.0
2015-04-13,82138,25.1
2015-04-14,82138,21.8
2015-04-15,82138,25.4
2015-04-16,82138,26.2
2015-04-17,82138,17.7
2015-04-18,82138,17.7
2015-04-19,82138,16.6
2015-04-20,82138,17.6
2015-04-21,82138,19.5
2015-04-22,82138,23.6
2015-04-23,82138,25.8
2015-04-24,82138,19.0
2015-04-25,82138,18.1
2015-04-26,82138,17.4
2015-04-27,82138,17.1
2015-04-28,82138,18.5
2015-04-29,82138,19.3
2015-04-30,82138,21.2
2015-05-01,82138,22.4
2015-05-02,82138,22.4
2015-05-03,82138,23.2
2015-05-04,82138,20.4
2015-05-05,82138,19.8
2015-05-06,82138,14.7
2015-05-07,82138,15.8
2015-05-08,82138,13.7
2015-05-09,82138,14.3
2015-05-10,82138,15.5
2015-05-11,82138,17.5
2015-05-12,82138,16.3
2015-05-13,82138,12.2
2015-05-14,82138,15.8
2015-05-15,82138,18.2
2015-05-16,82138,18.4
2015-05-17,82138,18.8
2015-05-18,82138,19.4
2015-05-19,82138,18.4
2015-05-20,82138,17.9
2015-05-21,82138,16.2
2015-05-22,82138,17.3
2015-05-23,82138,16.4
2015-05-24,82138,14.3
2015-05-25,82138,13.1
2015-05-26,82138,14.9
2015-05-27,82138,15.2
2015-05-28,82138,16.8
2015-05-29,82138,15.7
2015-05-30,82138,15.0
2015-05-31,82138,14.1
2015-06-01,82138,10.6
2015-06-02,82138,12.7
2015-06-03,82138,12.5
2015-06-04,82138,9.5
2015-06-05,82138,12.5
2015-06-06,82138,12.6
2015-06-07,82138,11.4
2015-06-08,82138,16.4
2015-06-09,82138,14.7
2015-06-10,82138,13.0
2015-06-11,82138,15.9
2015-06-12,82138,17.0
2015-06-13,82138,15.3
2015-06-14,82138,15.9
2015-06-15,82138,15.5
2015-06-16,82138,14.0
2015-06-17,82138,12.3
2015-06-18,82138,11.0
2015-06-19,82138,13.8
2015-06-20,82138,12.1
2015-06-21,82138,22.522680979906365
2015-06-22,82138,11.8
2015-06-23,82138,16.0
2015-06-24,82138,13.2
2015-06-25,82138,13.9
2015-06-26,82138,14.1
2015-06-27,82138,11.6
2015-06-28,82138,13.5
2015-06-29,82138,14.7
2015-06-30,82138,8.2
2015-07-01,82138,9.3
2015-07-02,82138,11.5
2015-07-03,82138,10.6
2015-07-04,82138,10.3
2015-07-05,82138,11.2
2015-07-06,82138,9.2
2015-07-07,82138,14.7
2015-07-08,82138,14.3
2015-07-09,82138,14.6
2015-07-10,82138,13.2
2015-07-11,82138,13.6
2015-07-12,82138,10.8
2015-07-13,82138,12.4
2015-07-14,82138,8.3
2015-07-15,82138,8.5
2015-07-16,82138,13.7
2015-07-17,82138,12.4
2015-07-18,82138,13.5
2015-07-19,82138,22.522680979906365
2015-07-20,82138,14.1
2015-07-21,82138,14.8
2015-07-22,82138,13.2
2015-07-23,82138,15.6
2015-07-24,82138,11.7
2015-07-25,82138,13.6
2015-07-26,82138,11.2
2015-07-27,82138,10.6
2015-07-28,82138,12.4
2015-07-29,82138,12.1
2015-07-30,82138,11.5
2015-07-31,82138,12.9
2015-08-01,82138,10.6
2015-08-02,82138,11.9
2015-08-03,82138,10.9
2015-08-04,82138,22.522680979906365
2015-08-05,82138,11.5
2015-08-06,82138,12.5
2015-08-07,82138,13.7
2015-08-08,82138,13.5
2015-08-09,82138,12.1
2015-08-10,82138,13.9
2015-08-11,82138,13.5
2015-08-12,82138,10.0
2015-08-13,82138,14.6
2015-08-14,82138,13.5
2015-08-15,82138,16.9
2015-08-16,82138,15.2
2015-08-17,82138,14.1
2015-08-18,82138,12.4
2015-08-19,82138,12.5
2015-08-20,82138,15.7
2015-08-21,82138,16.6
2015-08-22,82138,20.1
2015-08-23,82138,17.0
2015-08-24,82138,14.8
2015-08-25,82138,15.2
2015-08-26,82138,13.9
2015-08-27,82138,14.5
2015-08-28,82138,15.9
2015-08-29,82138,12.8
2015-08-30,82138,15.9
2015-08-31,82138,14.2
2015-09-01,82138,14.1
2015-09-02,82138,17.2
2015-09-03,82138,18.4
2015-09-04,82138,16.4
2015-09-05,82138,17.6
2015-09-06,82138,15.2
2015-09-07,82138,13.7
2015-09-08,82138,14.6
2015-09-09,82138,17.1
2015-09-10,82138,17.4
2015-09-11,82138,18.9
2015-09-12,82138,20.3
2015-09-13,82138,22.5
2015-09-14,82138,23.6
2015-09-15,82138,17.0
2015-09-16,82138,16.4
2015-09-17,82138,16.4
2015-09-18,82138,19.2
2015-09-19,82138,19.7
2015-09-20,82138,20.5
2015-09-21,82138,20.3
2015-09-22,82138,14.3
2015-09-23,82138,15.0
2015-09-24,82138,16.8
2015-09-25,82138,19.1
2015-09-26,82138,20.2
2015-09-27,82138,22.3
2015-09-28,82138,23.4
2015-09-29,82138,19.2
2015-09-30,82138,20.5
2015-10-01,82138,21.0
2015-10-02,82138,24.9
2015-10-03,82138,27.4
2015-10-04,82138,30.8
2015-10-05,82138,30.5
2015-10-06,82138,34.5
2015-10-07,82138,24.5
2015-10-08,82138,23.7
2015-10-09,82138,28.0
2015-10-10,82138,29.0
2015-10-11,82138,21.7
2015-10-12,82138,21.9
2015-10-13,82138,24.8
2015-10-14,82138,27.4
2015-10-15,82138,32.9
2015-10-16,82138,27.4
2015-10-17,82138,25.9
2015-10-18,82138,27.1
2015-10-19,82138,28.3
2015-10-20,82138,30.1
2015-10-21,82138,26.1
2015-10-22,82138,25.0
2015-10-23,82138,23.6
2015-10-24,82138,25.2
2015-10-25,82138,29.9
2015-10-26,82138,24.0
2015-10-27,82138,22.522680979906365
2015-10-28,82138,22.522680979906365
2015-10-29,82138,28.0
2015-10-30,82138,28.2
2015-10-31,82138,23.4
2015-11-01,82138,27.5
2015-11-02,82138,25.8
2015-11-03,82138,25.9
2015-11-04,82138,28.5
2015-11-05,82138,21.2
2015-11-06,82138,24.3
2015-11-07,82138,21.1
2015-11-08,82138,25.1
2015-11-09,82138,29.4
2015-11-10,82138,30.6
2015-11-11,82138,28.4
2015-11-12,82138,25.9
2015-11-13,82138,25.9
2015-11-14,82138,25.3
2015-11-15,82138,26.1
2015-11-16,82138,27.2
2015-11-17,82138,31.8
2015-11-18,82138,33.2
2015-11-19,82138,37.4
2015-11-20,82138,32.4
2015-11-21,82138,25.3
2015-11-22,82138,27.9
2015-11-23,82138,25.9
2015-11-24,82138,28.3
2015-11-25,82138,34.2
2015-11-26,82138,20.9
2015-11-27,82138,21.8
2015-11-28,82138,27.2
2015-11-29,82138,25.4
2015-11-30,82138,31.7
2015-12-01,82138,27.4
2015-12-02,82138,21.9
2015-12-03,82138,30.1
2015-12-04,82138,32.1
2015-12-05,82138,34.3
2015-12-06,82138,35.2
2015-12-07,82138,33.1
2015-12-08,82138,30.6
2015-12-09,82138,30.5
2015-12-10,82138,31.4
2015-12-11,82138,26.2
2015-12-12,82138,24.0
2015-12-13,82138,28.9
2015-12-14,82138,35.3
2015-12-15,82138,34.1
2015-12-16,82138,34.3
2015-12-17,82138,34.4
2015-12-18,82138,38.1
2015-12-19,82138,40.6
2015-12-20,82138,42.2
2015-12-21,82138,28.5
2015-12-22,82138,30.6
2015-12-23,82138,30.9
2015-12-24,82138,32.0
2015-12-25,82138,32.2
2015-12-26,82138,22.0
2015-12-27,82138,25.1
2015-12-28,82138,28.5
2015-12-29,82138,32.2
2015-12-30,82138,34.7
2015-12-31,82138,37.4
2016-01-01,82138,36.9
2016-01-02,82138,33.8
2016-01-03,82138,26.1
2016-01-04,82138,22.7
2016-01-05,82138,23.0
2016-01-06,82138,28.3
2016-01-07,82138,28.3
2016-01-08,82138,31.8
2016-01-09,82138,35.0
2016-01-10,82138,36.7
2016-01-11,82138,39.3
2016-01-12,82138,37.5
2016-01-13,82138,42.7
2016-01-14,82138,28.0
2016-01-15,82138,26.0
2016-01-16,82138,30.4
2016-01-17,82138,30.8
2016-01-18,82138,33.5
2016-01-19,82138,40.1
2016-01-20,82138,33.7
2016-01-21,82138,35.1
2016-01-22,82138,24.5
2016-01-23,82138,29.4
2016-01-24,82138,32.0
2016-01-25,82138,31.8
2016-01-26,82138,33.5
2016-01-27,82138,25.0
2016-01-28,82138,31.2
2016-01-29,82138,20.9
2016-01-30,82138,25.7
2016-01-31,82138,21.2
2016-02-01,82138,26.5
2016-02-02,82138,29.2
2016-02-03,82138,25.8
2016-02-04,82138,31.0
2016-02-05,82138,30.4
2016-02-06,82138,30.5
2016-02-07,82138,33.7
2016-02-08,82138,35.6
2016-02-09,82138,35.4
2016-02-10,82138,35.0
2016-02-11,82138,35.2
2016-02-12,82138,33.8
2016-02-13,82138,38.2
2016-02-14,82138,29.9
2016-02-15,82138,28.4
2016-02-16,82138,25.0
2016-02-17,82138,25.3
2016-02-18,82138,30.5
2016-02-19,82138,32.2
2016-02-20,82138,31.2
2016-02-21,82138,33.1
2016-02-22,82138,35.6
2016-02-23,82138,40.5
2016-02-24,82138,41.2
2016-02-25,82138,35.9
2016-02-26,82138,30.4
2016-02-27,82138,32.6
2016-02-28,82138,33.4
2016-02-29,82138,31.9
2016-03-01,82138,34.9
2016-03-02,82138,37.1
2016-03-03,82138,37.7
2016-03-04,82138,37.2
2016-03-05,82138,38.5
2016-03-06,82138,38.1
2016-03-07,82138,38.7
2016-03-08,82138,38.0
2016-03-09,82138,37.0
2016-03-10,82138,36.4
2016-03-11,82138,32.2
2016-03-12,82138,32.6
2016-03-13,82138,34.7
2016-03-14,82138,34.4
2016-03-15,82138,31.3
2016-03-16,82138,31.2
2016-03-17,82138,32.1
2016-03-18,82138,20.7
2016-03-19,82138,20.7
2016-03-20,82138,24.2
2016-03-21,82138,25.5
2016-03-22,82138,26.1
2016-03-23,82138,28.1
2016-03-24,82138,23.9
2016-03-25,82138,28.3
2016-03-26,82138,26.2
2016-03-27,82138,27.0
2016-03-28,82138,25.9
2016-03-29,82138,25.5
2016-03-30,82138,24.6
2016-03-31,82138,25.0
2016-04-01,82138,25.2
2016-04-02,82138,29.0
2016-04-03,82138,25.3
2016-04-04,82138,27.4
2016-04-05,82138,30.4
2016-04-06,82138,21.9
2016-04-07,82138,21.6
2016-04-08,82138,22.4
2016-04-09,82138,23.6
2016-04-10,82138,24.4
2016-04-11,82138,24.6
2016-04-12,82138,24.4
2016-04-13,82138,25.6
2016-04-14,82138,28.1
2016-04-15,82138,28.1
2016-04-16,82138,28.9
2016-04-17,82138,25.2
2016-04-18,82138,25.0
2016-04-19,82138,26.0
2016-04-20,82138,27.3
2016-04-21,82138,21.8
2016-04-22,82138,24.1
2016-04-23,82138,23.5
2016-04-24,82138,23.9
2016-04-25,82138,24.0
2016-04-26,82138,25.3
2016-04-27,82138,26.2
2016-04-28,82138,27.6
2016-04-29,82138,24.2
2016-04-30,82138,22.8
2016-05-01,82138,17.0
2016-05-02,82138,16.0
2016-05-03,82138,22.0
2016-05-04,82138,16.6
2016-05-05,82138,20.3
2016-05-06,82138,23.6
2016-05-07,82138,24.2
2016-05-08,82138,18.4
2016-05-09,82138,18.6
2016-05-10,82138,17.1
2016-05-11,82138,14.9
2016-05-12,82138,17.2
2016-05-13,82138,19.6
2016-05-14,82138,20.3
2016-05-15,82138,21.1
2016-05-16,82138,20.4
2016-05-17,82138,17.7
2016-05-18,82138,17.0
2016-05-19,82138,16.4
2016-05-20,82138,17.1
2016-05-21,82138,15.8
2016-05-22,82138,22.1
2016-05-23,82138,14.9
2016-05-24,82138,15.7
2016-05-25,82138,14.3
2016-05-26,82138,14.1
2016-05-27,82138,13.6
2016-05-28,82138,13.9
2016-05-29,82138,13.1
2016-05-30,82138,13.5
2016-05-31,82138,16.3
2016-06-01,82138,17.6
2016-06-02,82138,18.1
2016-06-03,82138,11.8
2016-06-04,82138,14.7
2016-06-05,82138,16.1
2016-06-06,82138,11.4
2016-06-07,82138,12.6
2016-06-08,82138,13.8
2016-06-09,82138,14.5
2016-06-10,82138,12.7
2016-06-11,82138,12.3
2016-06-12,82138,11.9
2016-06-13,82138,14.3
2016-06-14,82138,14.6
2016-06-15,82138,12.4
2016-06-16,82138,14.1
2016-06-17,82138,14.6
2016-06-18,82138,15.5
2016-06-19,82138,13.9
2016-06-20,82138,14.6
2016-06-21,82138,11.4
2016-06-22,82138,13.7
2016-06-23,82138,12.9
2016-06-24,82138,9.0
2016-06-25,82138,10.3
2016-06-26,82138,7.8
2016-06-27,82138,9.5
2016-06-28,82138,10.9
2016-06-29,82138,13.3
2016-06-30,82138,9.8
2016-07-01,82138,11.6
2016-07-02,82138,13.7
2016-07-03,82138,12.4
2016-07-04,82138,12.1
2016-07-05,82138,12.2
2016-07-06,82138,15.9
2016-07-07,82138,16.8
2016-07-08,82138,12.0
2016-07-09,82138,14.2
2016-07-10,82138,13.0
2016-07-11,82138,15.6
2016-07-12,82138,12.3
2016-07-13,82138,10.0
2016-07-14,82138,10.7
2016-07-15,82138,12.8
2016-07-16,82138,14.0
2016-07-17,82138,16.3
2016-07-18,82138,13.4
2016-07-19,82138,16.3
2016-07-20,82138,17.5
2016-07-21,82138,16.2
2016-07-22,82138,17.4
2016-07-23,82138,10.6
2016-07-24,82138,8.5
2016-07-25,82138,11.8
2016-07-26,82138,10.5
2016-07-27,82138,13.2
2016-07-28,82138,10.6
2016-07-29,82138,12.3
2016-07-30,82138,12.3
2016-07-31,82138,13.1
2016-08-01,82138,11.4
2016-08-02,82138,13.6
2016-08-03,82138,14.8
2016-08-04,82138,15.1
2016-08-05,82138,14.5
2016-08-06,82138,13.0
2016-08-07,82138,14.4
2016-08-08,82138,12.9
2016-08-09,82138,16.7
2016-08-10,82138,13.9
2016-08-11,82138,12.2
2016-08-12,82138,10.9
2016-08-13,82138,14.8
2016-08-14,82138,15.5
2016-08-15,82138,16.2
2016-08-16,82138,17.9
2016-08-17,82138,17.4
2016-08-18,82138,18.7
2016-08-19,82138,15.8
2016-08-20,82138,11.6
2016-08-21,82138,13.5
2016-08-22,82138,14.0
2016-08-23,82138,14.9
2016-08-24,82138,15.3
2016-08-25,82138,13.0
2016-08-26,82138,13.2
2016-08-27,82138,13.3
2016-08-28,82138,15.6
2016-08-29,82138,17.3
2016-08-30,82138,14.8
2016-08-31,82138,17.8
2016-09-01,82138,15.9
2016-09-02,82138,14.7
2016-09-03,82138,15.1
2016-09-04,82138,14.8
2016-09-05,82138,14.8
2016-09-06,82138,17.0
2016-09-07,82138,20.3
2016-09-08,82138,20.1
2016-09-09,82138,16.6
2016-09-10,82138,16.6
2016-09-11,82138,15.5
2016-09-12,82138,16.2
2016-09-13,82138,19.7
2016-09-14,82138,15.1
2016-09-15,82138,14.4
2016-09-16,82138,15.0
2016-09-17,82138,17.7
2016-09-18,82138,13.8
2016-09-19,82138,15.6
2016-09-20,82138,15.6
2016-09-21,82138,14.4
2016-09-22,82138,17.5
2016-09-23,82138,19.5
2016-09-24,82138,19.3
2016-09-25,82138,16.4
2016-09-26,82138,15.9
2016-09-27,82138,15.2
2016-09-28,82138,17.6
2016-09-29,82138,14.2
2016-09-30,82138,14.4
2016-10-01,82138,14.0
2016-10-02,82138,21.9
2016-10-03,82138,14.6
2016-10-04,82138,14.2
2016-10-05,82138,14.8
2016-10-06,82138,20.8
2016-10-07,82138,21.3
2016-10-08,82138,20.9
2016-10-09,82138,18.7
2016-10-10,82138,15.4
2016-10-11,82138,15.1
2016-10-12,82138,17.0
2016-10-13,82138,18.3
2016-10-14,82138,20.1
2016-10-15,82138,22.9
2016-10-16,82138,23.3
2016-10-17,82138,17.5
2016-10-18,82138,15.7
2016-10-19,82138,16.3
2016-10-20,82138,19.6
2016-10-21,82138,22.1
2016-10-22,82138,14.8
2016-10-23,82138,17.9
2016-10-24,82138,19.7
2016-10-25,82138,23.1
2016-10-26,82138,25.6
2016-10-27,82138,20.9
2016-10-28,82138,22.6
2016-10-29,82138,25.2
2016-10-30,82138,27.0
2016-10-31,82138,16.7
2016-11-01,82138,18.3
2016-11-02,82138,19.3
2016-11-03,82138,23.0
2016-11-04,82138,28.0
2016-11-05,82138,18.4
2016-11-06,82138,21.6
2016-11-07,82138,29.9
2016-11-08,82138,24.6
2016-11-09,82138,26.1
2016-11-10,82138,23.3
2016-11-11,82138,26.8
2016-11-12,82138,26.3
2016-11-13,82138,15.6
2016-11-14,82138,19.7
2016-11-15,82138,22.1
2016-11-16,82138,27.6
2016-11-17,82138,29.8
2016-11-18,82138,32.4
2016-11-19,82138,31.5
2016-11-20,82138,33.4
2016-11-21,82138,36.1
2016-11-22,82138,22.9
2016-11-23,82138,21.3
2016-11-24,82138,20.9
2016-11-25,82138,20.8
2016-11-26,82138,22.9
2016-11-27,82138,28.0
2016-11-28,82138,28.7
2016-11-29,82138,29.7
2016-11-30,82138,31.5
2016-12-01,82138,30.1
2016-12-02,82138,30.5
2016-12-03,82138,30.4
2016-12-04,82138,35.1
2016-12-05,82138,31.1
2016-12-06,82138,26.3
2016-12-07,82138,30.0
2016-12-08,82138,22.8
2016-12-09,82138,19.9
2016-12-10,82138,26.9
2016-12-11,82138,29.8
2016-12-12,82138,32.7
2016-12-13,82138,38.1
2016-12-14,82138,26.4
2016-12-15,82138,28.9
2016-12-16,82138,23.2
2016-12-17,82138,27.7
2016-12-18,82138,26.1
2016-12-19,82138,29.3
2016-12-20,82138,29.4
2016-12-21,82138,26.8
2016-12-22,82138,31.8
2016-12-23,82138,35.2
2016-12-24,82138,34.5
2016-12-25,82138,35.6
2016-12-26,82138,37.2
2016-12-27,82138,30.3
2016-12-28,82138,33.4
2016-12-29,82138,29.5
2016-12-30,82138,33.2
2016-12-31,82138,32.1
2017-01-01,82138,30.3
2017-01-02,82138,30.2
2017-01-03,82138,31.7
2017-01-04,82138,33.4
2017-01-05,82138,34.1
2017-01-06,82138,35.5
2017-01-07,82138,35.3
2017-01-08,82138,37.1
2017-01-09,82138,25.8
2017-01-10,82138,31.6
2017-01-11,82138,32.5
2017-01-12,82138,35.0
2017-01-13,82138,29.8
2017-01-14,82138,25.7
2017-01-15,82138,31.2
2017-01-16,82138,34.4
2017-01-17,82138,41.7
2017-01-18,82138,30.0
2017-01-19,82138,33.7
2017-01-20,82138,26.2
2017-01-21,82138,29.8
2017-01-22,82138,33.9
2017-01-23,82138,40.0
2017-01-24,82138,22.522680979906365
2017-01-25,82138,31.8
2017-01-26,82138,33.4
2017-01-27,82138,35.3
2017-01-28,82138,36.0
2017-01-29,82138,38.8
2017-01-30,82138,40.9
2017-01-31,82138,22.522680979906365
2017-02-01,82138,26.8
2017-02-02,82138,27.9
2017-02-03,82138,32.6
2017-02-04,82138,35.1
2017-02-05,82138,28.4
2017-02-06,82138,21.5
2017-02-07,82138,33.6
2017-02-08,82138,36.1
2017-02-09,82138,40.6
2017-02-10,82138,42.6
2017-02-11,82138,41.3
2017-02-12,82138,22.5
2017-02-13,82138,24.5
2017-02-14,82138,28.8
2017-02-15,82138,32.2
2017-02-16,82138,36.1
2017-02-17,82138,32.2
2017-02-18,82138,23.9
2017-02-19,82138,21.6
2017-02-20,82138,22.5
2017-02-21,82138,26.6
2017-02-22,82138,34.0
2017-02-23,82138,35.2
2017-02-24,82138,31.7
2017-02-25,82138,29.2
2017-02-26,82138,31.2
2017-02-27,82138,32.0
2017-02-28,82138,33.2
2017-03-01,82138,34.3
2017-03-02,82138,34.5
2017-03-03,82138,33.2
2017-03-04,82138,31.8
2017-03-05,82138,32.3
2017-03-06,82138,30.6
2017-03-07,82138,30.3
2017-03-08,82138,29.9
2017-03-09,82138,31.1
2017-03-10,82138,33.1
2017-03-11,82138,33.6
2017-03-12,82138,34.8
2017-03-13,82138,32.4
2017-03-14,82138,34.0
2017-03-15,82138,33.9
2017-03-16,82138,29.4
2017-03-17,82138,31.4
2017-03-18,82138,32.3
2017-03-19,82138,34.2
2017-03-20,82138,33.6
2017-03-21,82138,25.2
2017-03-22,82138,29.0
2017-03-23,82138,24.4
2017-03-24,82138,27.3
2017-03-25,82138,24.2
2017-03-26,82138,31.1
2017-03-27,82138,34.0
2017-03-28,82138,25.8
2017-03-29,82138,27.1
2017-03-30,82138,21.1
2017-03-31,82138,21.5
2017-04-01,82138,21.1
2017-04-02,82138,23.0
2017-04-03,82138,24.6
2017-04-04,82138,24.8
2017-04-05,82138,24.0
2017-04-06,82138,24.9
2017-04-07,82138,25.6
2017-04-08,82138,24.3
2017-04-09,82138,16.8
2017-04-10,82138,20.7
2017-04-11,82138,21.9
2017-04-12,82138,24.2
2017-04-13,82138,24.3
2017-04-14,82138,24.5
2017-04-15,82138,20.7
2017-04-16,82138,22.3
2017-04-17,82138,25.8
2017-04-18,82138,26.1
2017-04-19,82138,25.5
2017-04-20,82138,25.8
2017-04-21,82138,17.2
2017-04-22,82138,19.7
2017-04-23,82138,23.3
2017-04-24,82138,23.8
2017-04-25,82138,21.6
2017-04-26,82138,15.0
2017-04-27,82138,15.4
2017-04-28,82138,17.5
2017-04-29,82138,19.0
2017-04-30,82138,19.4
2017-05-01,82138,18.5
2017-05-02,82138,16.1
2017-05-03,82138,16.7
2017-05-04,82138,18.8
2017-05-05,82138,19.5
2017-05-06,82138,21.3
2017-05-07,82138,15.3
2017-05-08,82138,18.0
2017-05-09,82138,17.9
2017-05-10,82138,19.6
2017-05-11,82138,19.2
2017-05-12,82138,17.6
2017-05-13,82138,19.6
2017-05-14,82138,18.3
2017-05-15,82138,19.1
2017-05-16,82138,18.0
2017-05-17,82138,19.5
2017-05-18,82138,22.5
2017-05-19,82138,17.3
2017-05-20,82138,17.2
2017-05-21,82138,17.0
2017-05-22,82138,18.3
2017-05-23,82138,19.1
2017-05-24,82138,15.5
2017-05-25,82138,13.8
2017-05-26,82138,15.9
2017-05-27,82138,17.3
2017-05-28,82138,13.6
2017-05-29,82138,12.6
2017-05-30,82138,11.7
2017-05-31,82138,12.8
2017-06-01,82138,14.6
2017-06-02,82138,14.1
2017-06-03,82138,14.5
2017-06-04,82138,13.8
2017-06-05,82138,11.5
2017-06-06,82138,14.2
2017-06-07,82138,15.0
2017-06-08,82138,14.4
2017-06-09,82138,17.1
2017-06-10,82138,17.3
2017-06-11,82138,17.1
2017-06-12,82138,15.4
2017-06-13,82138,16.1
2017-06-14,82138,16.0
2017-06-15,82138,15.0
2017-06-16,82138,14.7
2017-06-17,82138,15.5
2017-06-18,82138,16.9
2017-06-19,82138,14.7
2017-06-20,82138,13.9
2017-06-21,82138,15.4
2017-06-22,82138,14.8
2017-06-23,82138,11.8
2017-06-24,82138,13.5
2017-06-25,82138,9.3
2017-06-26,82138,12.6
2017-06-27,82138,8.5
2017-06-28,82138,13.1
2017-06-29,82138,13.7
2017-06-30,82138,12.3
2017-07-01,82138,11.5
2017-07-02,82138,12.5
2017-07-03,82138,11.2
2017-07-04,82138,9.9
2017-07-05,82138,12.1
2017-07-06,82138,10.1
2017-07-07,82138,11.7
2017-07-08,82138,12.2
2017-07-09,82138,12.3
2017-07-10,82138,12.4
2017-07-11,82138,22.522680979906365
2017-07-12,82138,13.4
2017-07-13,82138,12.9
2017-07-14,82138,12.9
2017-07-15,82138,11.9
2017-07-16,82138,11.0
2017-07-17,82138,12.4
2017-07-18,82138,11.4
2017-07-19,82138,13.3
2017-07-20,82138,11.5
2017-07-21,82138,12.8
2017-07-22,82138,11.6
2017-07-23,82138,13.8
2017-07-24,82138,11.3
2017-07-25,82138,16.2
2017-07-26,82138,14.2
2017-07-27,82138,13.3
2017-07-28,82138,14.3
2017-07-29,82138,15.6
2017-07-30,82138,16.2
2017-07-31,82138,15.0
2017-08-01,82138,15.3
2017-08-02,82138,15.0
2017-08-03,82138,9.2
2017-08-04,82138,9.1
2017-08-05,82138,11.6
2017-08-06,82138,10.9
2017-08-07,82138,10.7
2017-08-08,82138,13.6
2017-08-09,82138,13.0
2017-08-10,82138,16.0
2017-08-11,82138,14.8
2017-08-12,82138,13.0
2017-08-13,82138,17.0
2017-08-14,82138,18.2
2017-08-15,82138,13.6
2017-08-16,82138,14.7
2017-08-17,82138,14.8
2017-08-18,82138,10.9
2017-08-19,82138,12.2
2017-08-20,82138,11.6
2017-08-21,82138,11.1
2017-08-22,82138,16.3
2017-08-23,82138,14.9
2017-08-24,82138,14.2
2017-08-25,82138,14.8
2017-08-26,82138,13.2
2017-08-27,82138,12.0
2017-08-28,82138,12.7
2017-08-29,82138,12.9
2017-08-30,82138,14.5
2017-08-31,82138,15.0
2017-09-01,82138,15.8
2017-09-02,82138,17.3
2017-09-03,82138,16.3
2017-09-04,82138,13.9
2017-09-05,82138,10.8
2017-09-06,82138,13.7
2017-09-07,82138,13.6
2017-09-08,82138,13.1
2017-09-09,82138,14.8
2017-09-10,82138,16.3
2017-09-11,82138,18.0
2017-09-12,82138,19.5
2017-09-13,82138,16.6
2017-09-14,82138,13.2
2017-09-15,82138,13.5
2017-09-16,82138,14.2
2017-09-17,82138,15.8
2017-09-18,82138,21.4
2017-09-19,82138,14.8
2017-09-20,82138,16.9
2017-09-21,82138,20.7
2017-09-22,82138,25.0
2017-09-23,82138,28.3
2017-09-24,82138,19.4
2017-09-25,82138,17.9
2017-09-26,82138,17.0
2017-09-27,82138,21.9
2017-09-28,82138,19.0
2017-09-29,82138,18.0
2017-09-30,82138,17.3
2017-10-01,82138,16.5
2017-10-02,82138,19.8
2017-10-03,82138,21.7
2017-10-04,82138,25.6
2017-10-05,82138,20.8
2017-10-06,82138,19.3
2017-10-07,82138,23.2
2017-10-08,82138,19.0
2017-10-09,82138,22.0
2017-10-10,82138,21.4
2017-10-11,82138,26.1
2017-10-12,82138,18.4
2017-10-13,82138,19.8
2017-10-14,82138,22.5
2017-10-15,82138,24.7
2017-10-16,82138,26.3
2017-10-17,82138,28.1
2017-10-18,82138,28.4
2017-10-19,82138,22.6
2017-10-20,82138,20.6
2017-10-21,82138,20.9
2017-10-22,82138,20.4
2017-10-23,82138,23.4
2017-10-24,82138,25.1
2017-10-25,82138,23.5
2017-10-26,82138,24.0
2017-10-27,82138,26.3
2017-10-28,82138,25.6
2017-10-29,82138,26.8
2017-10-30,82138,17.1
2017-10-31,82138,18.5
2017-11-01,82138,22.3
2017-11-02,82138,23.8
2017-11-03,82138,19.2
2017-11-04,82138,20.2
2017-11-05,82138,23.4
2017-11-06,82138,22.8
2017-11-07,82138,21.0
2017-11-08,82138,24.9
2017-11-09,82138,27.0
2017-11-10,82138,28.5
2017-11-11,82138,30.4
2017-11-12,82138,30.3
2017-11-13,82138,31.5
2017-11-14,82138,31.9
2017-11-15,82138,33.0
2017-11-16,82138,22.2
2017-11-17,82138,27.2
2017-11-18,82138,26.1
2017-11-19,82138,28.3
2017-11-20,82138,30.9
2017-11-21,82138,31.6
2017-11-22,82138,31.1
2017-11-23,82138,31.7
2017-11-24,82138,33.7
2017-11-25,82138,34.6
2017-11-26,82138,29.4
2017-11-27,82138,31.7
2017-11-28,82138,33.6
2017-11-29,82138,34.8
2017-11-30,82138,34.7
2017-12-01,82138,23.2
2017-12-02,82138,20.4
2017-12-03,82138,21.6
2017-12-04,82138,23.1
2017-12-05,82138,26.2
2017-12-06,82138,27.3
2017-12-07,82138,29.2
2017-12-08,82138,22.8
2017-12-09,82138,26.3
2017-12-10,82138,30.4
2017-12-11,82138,32.1
2017-12-12,82138,33.6
2017-12-13,82138,37.0
2017-12-14,82138,32.6
2017-12-15,82138,32.8
2017-12-16,82138,34.7
2017-12-17,82138,35.1
2017-12-18,82138,35.1
2017-12-19,82138,37.5
2017-12-20,82138,27.4
2017-12-21,82138,30.1
2017-12-22,82138,32.0
2017-12-23,82138,29.1
2017-12-24,82138,32.2
2017-12-25,82138,29.3
2017-12-26,82138,31.3
2017-12-27,82138,33.7
2017-12-28,82138,34.0
2017-12-29,82138,28.2
2017-12-30,82138,26.0
2017-12-31,82138,29.2
2018-01-01,82138,31.9
2018-01-02,82138,30.2
2018-01-03,82138,29.2
2018-01-04,82138,32.5
2018-01-05,82138,35.6
2018-01-06,82138,41.2
2018-01-07,82138,41.2
2018-01-08,82138,34.5
2018-01-09,82138,31.3
2018-01-10,82138,32.7
2018-01-11,82138,34.6
2018-01-12,82138,34.5
2018-01-13,82138,25.3
2018-01-14,82138,26.0
2018-01-15,82138,31.7
2018-01-16,82138,31.3
2018-01-17,82138,32.1
2018-01-18,82138,36.9
2018-01-19,82138,41.0
2018-01-20,82138,42.4
2018-01-21,82138,41.1
2018-01-22,82138,36.4
2018-01-23,82138,39.9
2018-01-24,82138,37.3
2018-01-25,82138,36.6
2018-01-26,82138,37.4
2018-01-27,82138,35.6
2018-01-28,82138,36.8
2018-01-29,82138,36.3
2018-01-30,82138,23.5
2018-01-31,82138,25.5
2018-02-01,82138,26.8
2018-02-02,82138,28.4
2018-02-03,82138,30.1
2018-02-04,82138,30.7
2018-02-05,82138,33.6
2018-02-06,82138,35.1
2018-02-07,82138,37.0
2018-02-08,82138,38.6
2018-02-09,82138,33.0
2018-02-10,82138,33.6
2018-02-11,82138,29.2
2018-02-12,82138,27.6
2018-02-13,82138,30.4
2018-02-14,82138,29.0
2018-02-15,82138,26.4
2018-02-16,82138,28.6
2018-02-17,82138,31.4
2018-02-18,82138,34.5
2018-02-19,82138,31.0
2018-02-20,82138,32.7
2018-02-21,82138,26.5
2018-02-22,82138,30.0
2018-02-23,82138,33.5
2018-02-24,82138,36.3
2018-02-25,82138,26.8
2018-02-26,82138,29.4
2018-02-27,82138,29.7
2018-02-28,82138,35.5
2018-03-01,82138,29.3
2018-03-02,82138,27.0
2018-03-03,82138,34.4
2018-03-04,82138,30.3
2018-03-05,82138,28.5
2018-03-06,82138,30.2
2018-03-07,82138,30.7
2018-03-08,82138,31.2
2018-03-09,82138,32.6
2018-03-10,82138,32.8
2018-03-11,82138,35.9
2018-03-12,82138,30.3
2018-03-13,82138,28.2
2018-03-14,82138,30.1
2018-03-15,82138,29.6
2018-03-16,82138,30.3
2018-03-17,82138,33.8
2018-03-18,82138,26.9
2018-03-19,82138,25.9
2018-03-20,82138,28.8
2018-03-21,82138,28.2
2018-03-22,82138,28.8
2018-03-23,82138,26.9
2018-03-24,82138,29.3
2018-03-25,82138,21.2
2018-03-26,82138,18.4
2018-03-27,82138,21.7
2018-03-28,82138,28.9
2018-03-29,82138,32.2
2018-03-30,82138,26.5
2018-03-31,82138,26.5
2018-04-01,82138,27.0
2018-04-02,82138,27.9
2018-04-03,82138,27.3
2018-04-04,82138,29.8
2018-04-05,82138,31.5
2018-04-06,82138,28.2
2018-04-07,82138,26.9
2018-04-08,82138,28.8
2018-04-09,82138,31.3
2018-04-10,82138,29.5
2018-04-11,82138,33.7
2018-04-12,82138,33.6
2018-04-13,82138,29.1
2018-04-14,82138,17.3
2018-04-15,82138,18.8
2018-04-16,82138,21.8
2018-04-17,82138,22.3
2018-04-18,82138,24.5
2018-04-19,82138,25.5
2018-04-20,82138,27.5
2018-04-21,82138,26.9
2018-04-22,82138,26.9
2018-04-23,82138,27.4
2018-04-24,82138,28.5
2018-04-25,82138,25.5
2018-04-26,82138,21.6
2018-04-27,82138,22.8
2018-04-28,82138,22.3
2018-04-29,82138,21.4
2018-04-30,82138,22.522680979906365
2018-05-01,82138,24.4
2018-05-02,82138,23.4
2018-05-03,82138,28.2
2018-05-04,82138,16.5
2018-05-05,82138,16.8
2018-05-06,82138,19.8
2018-05-07,82138,20.9
2018-05-08,82138,21.3
2018-05-09,82138,20.0
2018-05-10,82138,13.4
2018-05-11,82138,13.1
2018-05-12,82138,18.1
2018-05-13,82138,20.0
2018-05-14,82138,19.8
2018-05-15,82138,17.7
2018-05-16,82138,16.3
2018-05-17,82138,15.1
2018-05-18,82138,13.6
2018-05-19,82138,13.7
2018-05-20,82138,14.2
2018-05-21,82138,17.0
2018-05-22,82138,18.3
2018-05-23,82138,18.3
2018-05-24,82138,17.9
2018-05-25,82138,18.5
2018-05-26,82138,20.1
2018-05-27,82138,18.8
2018-05-28,82138,20.9
2018-05-29,82138,15.7
2018-05-30,82138,14.5
2018-05-31,82138,15.8
2018-06-01,82138,15.4
2018-06-02,82138,17.0
2018-06-03,82138,17.3
2018-06-04,82138,17.9
2018-06-05,82138,16.9
2018-06-06,82138,18.9
2018-06-07,82138,18.2
2018-06-08,82138,11.1
2018-06-09,82138,13.9
2018-06-10,82138,16.3
2018-06-11,82138,16.4
2018-06-12,82138,13.8
2018-06-13,82138,11.3
2018-06-14,82138,12.2
2018-06-15,82138,12.1
2018-06-16,82138,9.5
2018-06-17,82138,11.7
2018-06-18,82138,14.5
2018-06-19,82138,14.7
2018-06-20,82138,14.6
2018-06-21,82138,14.6
2018-06-22,82138,13.0
2018-06-23,82138,12.3
2018-06-24,82138,13.7
2018-06-25,82138,13.0
2018-06-26,82138,13.9
2018-06-27,82138,15.7
2018-06-28,82138,12.6
2018-06-29,82138,10.0
2018-06-30,82138,11.0
2018-07-01,82138,12.1
2018-07-02,82138,13.7
2018-07-03,82138,13.9
2018-07-04,82138,16.6
2018-07-05,82138,18.6
2018-07-06,82138,14.5
2018-07-07,82138,11.7
2018-07-08,82138,13.5
2018-07-09,82138,14.7
2018-07-10,82138,12.9
2018-07-11,82138,10.0
2018-07-12,82138,10.4
2018-07-13,82138,13.3
2018-07-14,82138,11.4
2018-07-15,82138,11.6
2018-07-16,82138,10.8
2018-07-17,82138,16.9
2018-07-18,82138,13.2
2018-07-19,82138,18.1
2018-07-20,82138,11.2
2018-07-21,82138,10.1
2018-07-22,82138,12.3
2018-07-23,82138,11.8
2018-07-24,82138,16.2
2018-07-25,82138,14.2
2018-07-26,82138,13.1
2018-07-27,82138,16.5
2018-07-28,82138,17.5
2018-07-29,82138,14.3
2018-07-30,82138,9.9
2018-07-31,82138,14.8
2018-08-01,82138,14.5
2018-08-02,82138,14.8
2018-08-03,82138,16.0
2018-08-04,82138,13.1
2018-08-05,82138,16.7
2018-08-06,82138,12.3
2018-08-07,82138,13.0
2018-08-08,82138,11.3
2018-08-09,82138,11.6
2018-08-10,82138,18.3
2018-08-11,82138,11.4
2018-08-12,82138,11.4
2018-08-13,82138,14.9
2018-08-14,82138,15.1
2018-08-15,82138,14.0
2018-08-16,82138,13.4
2018-08-17,82138,14.3
2018-08-18,82138,12.6
2018-08-19,82138,11.3
2018-08-20,82138,11.0
2018-08-21,82138,11.9
2018-08-22,82138,12.8
2018-08-23,82138,13.4
2018-08-24,82138,15.8
2018-08-25,82138,17.7
2018-08-26,82138,18.4
2018-08-27,82138,14.3
2018-08-28,82138,13.1
2018-08-29,82138,13.8
2018-08-30,82138,15.0
2018-08-31,82138,12.4
2018-09-01,82138,15.8
2018-09-02,82138,14.3
2018-09-03,82138,16.1
2018-09-04,82138,18.4
2018-09-05,82138,19.3
2018-09-06,82138,17.3
2018-09-07,82138,16.6
2018-09-08,82138,16.3
2018-09-09,82138,15.9
2018-09-10,82138,19.2
2018-09-11,82138,22.1
2018-09-12,82138,17.5
2018-09-13,82138,19.0
2018-09-14,82138,21.3
2018-09-15,82138,16.2
2018-09-16,82138,12.7
2018-09-17,82138,16.3
2018-09-18,82138,21.5
2018-09-19,82138,15.0
2018-09-20,82138,16.0
2018-09-21,82138,19.9
2018-09-22,82138,21.4
2018-09-23,82138,19.6
2018-09-24,82138,19.6
2018-09-25,82138,20.0
2018-09-26,82138,20.4
2018-09-27,82138,23.6
2018-09-28,82138,18.8
2018-09-29,82138,15.3
2018-09-30,82138,19.1
2018-10-01,82138,23.5
2018-10-02,82138,23.9
2018-10-03,82138,21.1
2018-10-04,82138,22.4
2018-10-05,82138,22.3
2018-10-06,82138,23.0
2018-10-07,82138,25.5
2018-10-08,82138,27.2
2018-10-09,82138,21.6
2018-10-10,82138,20.5
2018-10-11,82138,22.3
2018-10-12,82138,23.0
2018-10-13,82138,24.0
2018-10-14,82138,26.7
2018-10-15,82138,29.1
2018-10-16,82138,23.1
2018-10-17,82138,23.4
2018-10-18,82138,22.1
2018-10-19,82138,28.4
2018-10-20,82138,22.9
2018-10-21,82138,21.4
2018-10-22,82138,26.1
2018-10-23,82138,27.6
2018-10-24,82138,23.1
2018-10-25,82138,25.6
2018-10-26,82138,24.7
2018-10-27,82138,23.7
2018-10-28,82138,25.3
2018-10-29,82138,28.2
2018-10-30,82138,29.9
2018-10-31,82138,32.6
2018-11-01,82138,37.3
2018-11-02,82138,33.8
2018-11-03,82138,23.3
2018-11-04,82138,27.6
2018-11-05,82138,29.3
2018-11-06,82138,25.9
2018-11-07,82138,18.9
2018-11-08,82138,19.4
2018-11-09,82138,22.1
2018-11-10,82138,26.4
2018-11-11,82138,28.9
2018-11-12,82138,30.6
2018-11-13,82138,24.6
2018-11-14,82138,27.1
2018-11-15,82138,25.0
2018-11-16,82138,27.2
2018-11-17,82138,27.9
2018-11-18,82138,28.6
2018-11-19,82138,30.0
2018-11-20,82138,31.3
2018-11-21,82138,24.6
2018-11-22,82138,13.5
2018-11-23,82138,15.6
2018-11-24,82138,20.8
2018-11-25,82138,24.9
2018-11-26,82138,26.3
2018-11-27,82138,27.2
2018-11-28,82138,27.0
2018-11-29,82138,28.3
2018-11-30,82138,29.3
2018-12-01,82138,31.9
2018-12-02,82138,23.6
2018-12-03,82138,26.5
2018-12-04,82138,22.522680979906365
2018-12-05,82138,31.9
2018-12-06,82138,34.7
2018-12-07,82138,37.2
2018-12-08,82138,38.0
2018-12-09,82138,30.1
2018-12-10,82138,31.7
2018-12-11,82138,34.4
2018-12-12,82138,34.1
2018-12-13,82138,22.4
2018-12-14,82138,23.2
2018-12-15,82138,26.9
2018-12-16,82138,23.4
2018-12-17,82138,30.5
2018-12-18,82138,32.8
2018-12-19,82138,31.7
2018-12-20,82138,33.2
2018-12-21,82138,28.8
2018-12-22,82138,26.0
2018-12-23,82138,28.7
2018-12-24,82138,32.8
2018-12-25,82138,36.6
2018-12-26,82138,38.1
2018-12-27,82138,41.2
2018-12-28,82138,40.0
2018-12-29,82138,34.8
2018-12-30,82138,35.1
2018-12-31,82138,32.0
2019-01-01,82138,36.8
2019-01-02,82138,36.8
2019-01-03,82138,37.8
2019-01-04,82138,42.8
2019-01-05,82138,25.0
2019-01-06,82138,30.9
2019-01-07,82138,33.5
2019-01-08,82138,34.2
2019-01-09,82138,30.1
2019-01-10,82138,30.1
2019-01-11,82138,35.9
2019-01-12,82138,38.9
2019-01-13,82138,41.2
2019-01-14,82138,40.4
2019-01-15,82138,43.6
2019-01-16,82138,44.2
2019-01-17,82138,39.5
2019-01-18,82138,38.2
2019-01-19,82138,35.3
2019-01-20,82138,36.8
2019-01-21,82138,39.0
2019-01-22,82138,42.1
2019-01-23,82138,41.8
2019-01-24,82138,40.6
2019-01-25,82138,45.4
2019-01-26,82138,38.7
2019-01-27,82138,25.1
2019-01-28,82138,30.5
2019-01-29,82138,33.7
2019-01-30,82138,25.9
2019-01-31,82138,30.3
2019-02-01,82138,31.9
2019-02-02,82138,36.1
2019-02-03,82138,38.2
2019-02-04,82138,37.2
2019-02-05,82138,28.3
2019-02-06,82138,35.0
2019-02-07,82138,32.2
2019-02-08,82138,28.4
2019-02-09,82138,22.2
2019-02-10,82138,26.1
2019-02-11,82138,30.9
2019-02-12,82138,27.9
2019-02-13,82138,22.4
2019-02-14,82138,27.0
2019-02-15,82138,32.5
2019-02-16,82138,33.8
2019-02-17,82138,36.0
2019-02-18,82138,33.7
2019-02-19,82138,27.5
2019-02-20,82138,29.8
2019-02-21,82138,31.7
2019-02-22,82138,32.9
2019-02-23,82138,33.5
2019-02-24,82138,31.2
2019-02-25,82138,31.9
2019-02-26,82138,35.5
2019-02-27,82138,36.6
2019-02-28,82138,34.9
2019-03-01,82138,36.6
2019-03-02,82138,34.4
2019-03-03,82138,36.3
2019-03-04,82138,39.4
2019-03-05,82138,33.6
2019-03-06,82138,21.6
2019-03-07,82138,24.7
2019-03-08,82138,29.4
2019-03-09,82138,32.0
2019-03-10,82138,30.9
2019-03-11,82138,28.4
2019-03-12,82138,24.8
2019-03-13,82138,22.9
2019-03-14,82138,27.4
2019-03-15,82138,30.3
2019-03-16,82138,31.0
2019-03-17,82138,31.6
2019-03-18,82138,30.4
2019-03-19,82138,32.3
2019-03-20,82138,32.5
2019-03-21,82138,33.6
2019-03-22,82138,29.2
2019-03-23,82138,27.1
2019-03-24,82138,27.5
2019-03-25,82138,21.2
2019-03-26,82138,21.4
2019-03-27,82138,24.9
2019-03-28,82138,28.0
2019-03-29,82138,26.4
2019-03-30,82138,15.9
2019-03-31,82138,17.5
2019-04-01,82138,22.0
2019-04-02,82138,26.2
2019-04-03,82138,26.6
2019-04-04,82138,20.5
2019-04-05,82138,28.0
2019-04-06,82138,28.0
2019-04-07,82138,26.1
2019-04-08,82138,23.3
2019-04-09,82138,18.7
2019-04-10,82138,19.6
2019-04-11,82138,22.7
2019-04-12,82138,24.8
2019-04-13,82138,23.9
2019-04-14,82138,26.3
2019-04-15,82138,28.2
2019-04-16,82138,27.7
2019-04-17,82138,28.3
2019-04-18,82138,26.8
2019-04-19,82138,27.0
2019-04-20,82138,29.1
2019-04-21,82138,28.2
2019-04-22,82138,22.0
2019-04-23,82138,26.0
2019-04-24,82138,25.4
2019-04-25,82138,23.9
2019-04-26,82138,18.8
2019-04-27,82138,17.1
2019-04-28,82138,19.3
2019-04-29,82138,20.0
2019-04-30,82138,23.8
2019-05-01,82138,20.8
2019-05-02,82138,22.2
2019-05-03,82138,18.4
2019-05-04,82138,17.1
2019-05-05,82138,20.0
2019-05-06,82138,22.522680979906365
2019-05-07,82138,17.2
2019-05-08,82138,15.5
2019-05-09,82138,16.4
2019-05-10,82138,14.1
2019-05-11,82138,15.5
2019-05-12,82138,15.9
2019-05-13,82138,15.7
2019-05-14,82138,17.7
2019-05-15,82138,18.4
2019-05-16,82138,17.5
2019-05-17,82138,20.2
2019-05-18,82138,20.8
2019-05-19,82138,17.1
2019-05-20,82138,14.9
2019-05-21,82138,18.1
2019-05-22,82138,19.8
2019-05-23,82138,20.2
2019-05-24,82138,18.2
2019-05-25,82138,17.3
2019-05-26,82138,14.0
2019-05-27,82138,11.5
2019-05-28,82138,11.3
2019-05-29,82138,10.9
2019-05-30,82138,11.7
2019-05-31,82138,14.5
2019-06-01,82138,16.3
2019-06-02,82138,14.9
2019-06-03,82138,12.9
2019-06-04,82138,13.9
2019-06-05,82138,13.7
2019-06-06,82138,15.3
2019-06-07,82138,16.0
2019-06-08,82138,14.3
2019-06-09,82138,16.2
2019-06-10,82138,17.0
2019-06-11,82138,16.0
2019-06-12,82138,13.6
2019-06-13,82138,15.1
2019-06-14,82138,14.1
2019-06-15,82138,13.7
2019-06-16,82138,14.8
2019-06-17,82138,14.7
2019-06-18,82138,11.2
2019-06-19,82138,11.6
2019-06-20,82138,9.8
2019-06-21,82138,12.4
2019-06-22,82138,12.5
2019-06-23,82138,12.9
2019-06-24,82138,13.1
2019-06-25,82138,15.2
2019-06-26,82138,16.5
2019-06-27,82138,16.5
2019-06-28,82138,17.9
2019-06-29,82138,16.4
2019-06-30,82138,12.0
2019-07-01,82138,11.5
2019-07-02,82138,11.7
2019-07-03,82138,14.6
2019-07-04,82138,17.2
2019-07-05,82138,17.6
2019-07-06,82138,17.4
2019-07-07,82138,14.9
2019-07-08,82138,15.0
2019-07-09,82138,12.5
2019-07-10,82138,13.2
2019-07-11,82138,11.7
2019-07-12,82138,13.6
2019-07-13,82138,10.1
2019-07-14,82138,10.8
2019-07-15,82138,13.2
2019-07-16,82138,13.9
2019-07-17,82138,11.1
2019-07-18,82138,11.9
2019-07-19,82138,11.4
2019-07-20,82138,14.9
2019-07-21,82138,13.1
2019-07-22,82138,14.0
2019-07-23,82138,14.6
2019-07-24,82138,12.0
2019-07-25,82138,11.9
2019-07-26,82138,11.5
2019-07-27,82138,14.7
2019-07-28,82138,14.7
2019-07-29,82138,12.0
2019-07-30,82138,13.4
2019-07-31,82138,14.7
2019-08-01,82138,13.0
2019-08-02,82138,13.2
2019-08-03,82138,12.2
2019-08-04,82138,11.5
2019-08-05,82138,12.2
2019-08-06,82138,12.3
2019-08-07,82138,10.2
2019-08-08,82138,11.5
2019-08-09,82138,10.2
2019-08-10,82138,10.1
2019-08-11,82138,11.3
2019-08-12,82138,13.8
2019-08-13,82138,12.6
2019-08-14,82138,12.1
2019-08-15,82138,14.9
2019-08-16,82138,14.1
2019-08-17,82138,16.0
2019-08-18,82138,18.0
2019-08-19,82138,11.3
2019-08-20,82138,11.5
2019-08-21,82138,16.8
2019-08-22,82138,13.8
2019-08-23,82138,13.8
2019-08-24,82138,16.2
2019-08-25,82138,13.9
2019-08-26,82138,15.4
2019-08-27,82138,15.9
2019-08-28,82138,14.4
2019-08-29,82138,15.0
2019-08-30,82138,16.9
2019-08-31,82138,16.8
2019-09-01,82138,19.3
2019-09-02,82138,17.0
2019-09-03,82138,22.522680979906365
2019-09-04,82138,17.5
2019-09-05,82138,17.0
2019-09-06,82138,12.8
2019-09-07,82138,13.5
2019-09-08,82138,13.2
2019-09-09,82138,12.7
2019-09-10,82138,15.9
2019-09-11,82138,17.5
2019-09-12,82138,19.9
2019-09-13,82138,18.6
2019-09-14,82138,19.5
2019-09-15,82138,18.4
2019-09-16,82138,11.8
2019-09-17,82138,16.5
2019-09-18,82138,19.0
2019-09-19,82138,23.1
2019-09-20,82138,25.5
2019-09-21,82138,19.6
2019-09-22,82138,15.8
2019-09-23,82138,14.2
2019-09-24,82138,15.2
2019-09-25,82138,16.4
2019-09-26,82138,18.2
2019-09-27,82138,23.5
2019-09-28,82138,18.2
2019-09-29,82138,16.9
2019-09-30,82138,19.4
2019-10-01,82138,21.7
2019-10-02,82138,26.7
2019-10-03,82138,31.4
2019-10-04,82138,21.8
2019-10-05,82138,25.2
2019-10-06,82138,26.4
2019-10-07,82138,18.6
2019-10-08,82138,17.0
2019-10-09,82138,19.3
2019-10-10,82138,19.9
2019-10-11,82138,22.3
2019-10-12,82138,20.3
2019-10-13,82138,21.3
2019-10-14,82138,24.5
2019-10-15,82138,26.5
2019-10-16,82138,18.7
2019-10-17,82138,17.5
2019-10-18,82138,22.2
2019-10-19,82138,17.6
2019-10-20,82138,18.9
2019-10-21,82138,27.1
2019-10-22,82138,28.9
2019-10-23,82138,30.0
2019-10-24,82138,33.8
2019-10-25,82138,27.0
2019-10-26,82138,18.5
2019-10-27,82138,19.8
2019-10-28,82138,25.4
2019-10-29,82138,29.1
2019-10-30,82138,32.4
2019-10-31,82138,32.6
2019-11-01,82138,34.2
2019-11-02,82138,31.3
2019-11-03,82138,23.4
2019-11-04,82138,21.2
2019-11-05,82138,19.4
2019-11-06,82138,25.2
2019-11-07,82138,18.7
2019-11-08,82138,16.9
2019-11-09,82138,15.6
2019-11-10,82138,21.7
2019-11-11,82138,28.9
2019-11-12,82138,23.6
2019-11-13,82138,20.1
2019-11-14,82138,23.7
2019-11-15,82138,23.6
2019-11-16,82138,22.522680979906365
2019-11-17,82138,23.6
2019-11-18,82138,28.2
2019-11-19,82138,32.2
2019-11-20,82138,34.5
2019-11-21,82138,41.0
2019-11-22,82138,29.3
2019-11-23,82138,28.9
2019-11-24,82138,30.2
2019-11-25,82138,34.1
2019-11-26,82138,19.8
2019-11-27,82138,25.0
2019-11-28,82138,31.4
2019-11-29,82138,34.2
2019-11-30,82138,22.6
2019-12-01,82138,13.5
2019-12-02,82138,17.8
2019-12-03,82138,23.5
2019-12-04,82138,22.522680979906365
2019-12-05,82138,27.5
2019-12-06,82138,25.5
2019-12-07,82138,27.3
2019-12-08,82138,32.7
2019-12-09,82138,37.0
2019-12-10,82138,34.7
2019-12-11,82138,30.8
2019-12-12,82138,27.2
2019-12-13,82138,27.0
2019-12-14,82138,27.5
2019-12-15,82138,29.3
2019-12-16,82138,32.3
2019-12-17,82138,35.9
2019-12-18,82138,39.4
2019-12-19,82138,41.5
2019-12-20,82138,42.6
2019-12-21,82138,36.3
2019-12-22,82138,34.9
2019-12-23,82138,33.7
2019-12-24,82138,36.6
2019-12-25,82138,34.4
2019-12-26,82138,37.5
2019-12-27,82138,40.0
2019-12-28,82138,39.3
2019-12-29,82138,40.1
2019-12-30,82138,43.1
2019-12-31,82138,31.3
